,5rSUMMARY mean_0,5rSUMMARY mean_d_h2h1_0,5rSUMMARY mean_q1_0,5rSUMMARY mean_q2_0,5rSUMMARY mean_q3_0,5rSUMMARY mean_q4_0,5rSUMMARY mean_d_q1q2_0,5rSUMMARY mean_d_q1q3_0,5rSUMMARY mean_d_q1q4_0,5rSUMMARY mean_d_q2q3_0,5rSUMMARY mean_d_q2q4_0,5rSUMMARY mean_d_q3q4_0,5rSUMMARY std_0,5rSUMMARY std_d_h2h1_0,5rSUMMARY max_0,5rSUMMARY max_d_h2h1_0,5rSUMMARY max_q1_0,5rSUMMARY max_q2_0,5rSUMMARY max_q3_0,5rSUMMARY max_q4_0,5rSUMMARY max_d_q1q2_0,5rSUMMARY max_d_q1q3_0,5rSUMMARY max_d_q1q4_0,5rSUMMARY max_d_q2q3_0,5rSUMMARY max_d_q2q4_0,5rSUMMARY max_d_q3q4_0,5rSUMMARY min_0,5rSUMMARY min_d_h2h1_0,5rSUMMARY min_q1_0,5rSUMMARY min_q2_0,5rSUMMARY min_q3_0,5rSUMMARY min_q4_0,5rSUMMARY min_d_q1q2_0,5rSUMMARY min_d_q1q3_0,5rSUMMARY min_d_q1q4_0,5rSUMMARY min_d_q2q3_0,5rSUMMARY min_d_q2q4_0,5rSUMMARY min_d_q3q4_0,5rSUMMARY topFreq_1_0,5rSUMMARY topFreq_2_0,5rSUMMARY topFreq_3_0,5rSUMMARY topFreq_4_0,5rSUMMARY topFreq_5_0,5rSUMMARY topFreq_6_0,5rSUMMARY topFreq_7_0,5rSUMMARY topFreq_8_0,5rSUMMARY topFreq_9_0,5rSUMMARY topFreq_10_0,5rSUMMARY freq_011_0,5rSUMMARY freq_021_0,5rSUMMARY freq_032_0,5rSUMMARY freq_043_0,5rSUMMARY freq_053_0,5rSUMMARY freq_064_0,5rSUMMARY freq_075_0,5rSUMMARY freq_085_0,5rSUMMARY freq_096_0,5rSUMMARY freq_107_0,5rSUMMARY freq_117_0,5rSUMMARY freq_128_0,5rSUMMARY freq_139_0,5rSUMMARY freq_149_0,5rSUMMARY freq_160_0
0,,,,,,,,,,,,,,,,,,,,,,,,,,,,,,,,,,,,,,,,,,,,,,,,,,,,,,,,,,,,,,,
400,51329235.83132199,102658452.01654515,14.032717566159809,5.613381201738473,3.4050108074393273,205316920.27417794,8.419336364421232,10.62770675872039,-205316906.2414608,2.208370394299161,-205316914.66079673,-205316916.86916736,290359752.7374306,410630502.0776332,1642523199.4349754,1642522998.5554495,121.12481767223684,188.7163557590333,88.15660413009304,1642523199.4349754,-67.59153808679716,32.968213542143594,-1642523078.3101559,100.55975162894117,-1642523010.7186167,-1642523111.278368,-170.81503824582302,94.75032342367712,-57.318594056022356,-158.22794879727087,-66.3318536442972,0.0,100.9093547412493,9.013259588274945,-57.318594056022356,-91.8960951529743,-158.22794879727087,-66.3318536442972,3.3466666666666742,4.120000000000002,9.42133333333337,8.936000000000016,11.509333333333357,11.066666666666645,10.266666666666703,14.00533333333339,13.354666666666656,14.240000000000032,0.12500048985120757,0.124999665960468,0.1249992824136979,0.12499966230969425,0.12500031401773773,0.1250004806211742,0.12500004091615255,0.1249995280130633,0.12499948364580131,0.124999915010319,0.1250003059984492,0.12500029768565452,0.12500004898033595,0.1249998885554391,0.12499992615736953
800,51329236.87853809,102658444.59066822,16.84719760793597,12.319209419625059,3.17709662721691,205316915.1706471,4.5279881883107995,13.670100980718841,-205316898.32345116,9.142112792408216,-205316902.85143718,-205316911.99355182,290359752.8153487,410630502.6873156,1642523200.9092917,1642522999.9925027,145.57122868276582,185.95481223324535,74.72500223990129,1642523200.9092917,-40.38358355048025,70.84622644286411,-1642523055.3380663,111.2298099933435,-1642523014.954506,-1642523126.1843164,-150.13001281155653,88.50662041196996,-59.29758156334889,-138.8423879216318,-54.79935632117723,0.0,79.54480635828443,-4.498225242170982,-59.29758156334889,-84.04303160045492,-138.8423879216318,-54.79935632117723,3.6933333333333507,3.773333333333325,9.674666666666655,8.357333333333395,11.83466666666671,11.658666666666695,9.954666666666688,14.272,13.389333333333282,13.658666666666731,0.12500049057072923,0.12499967470929581,0.12499928541929134,0.12499966389274472,0.1250003100782183,0.12500048312086068,0.1250000387193944,0.12499952909151664,0.1249994868724634,0.12499990804594115,0.1250003037162139,0.12500029899346868,0.12500005855243512,0.12499989216918139,0.1249999280841422
1200,51329235.29783457,102658443.14996332,16.354019520385997,11.09168557112977,2.4748198022497534,205316911.27081174,5.262333949256099,13.879199718136077,-205316894.91679358,8.616865768880093,-205316900.17912656,-205316908.795993,290359753.3598924,410630502.0010823,1642523202.3128796,1642522996.1362336,144.20130619389295,184.13358741752393,80.62343106728696,1642523202.3128796,-39.93228122363226,63.5778751266057,-1642523058.1115777,103.51015635023752,-1642523018.1792974,-1642523121.6894865,-175.0100566270353,94.67631101362335,-59.63988516502984,-157.63215206490344,-66.30380207768964,0.0,97.99226689987498,6.6639169126603965,-59.63988516502984,-91.328349987215,-157.63215206490344,-66.30380207768964,2.666666666666655,4.80000000000002,9.44533333333334,9.789333333333392,10.631999999999975,11.802666666666708,9.530666666666695,14.50933333333336,13.79466666666663,13.296000000000085,0.12500048869013058,0.12499967501520047,0.12499928769476867,0.12499966048971453,0.12500030248236743,0.1250004786032193,0.1250000397138594,0.12499953528242683,0.12499948490605492,0.12499989887451379,0.12500029524669162,0.12500030147044,0.12500006130860591,0.12499989744380892,0.12499992277533382
1600,51329234.887677155,102658449.10979038,14.304269598083938,6.361292568552638,3.0260435718339096,205316915.85909995,7.942977029531122,11.278226026249976,-205316901.55483067,3.3352489967188306,-205316909.49780774,-205316912.83305576,290359753.6749404,410630507.34783643,1642523203.6290863,1642523007.576049,125.0521844580458,171.76397137280227,84.07746114183736,1642523203.6290863,-46.71178691475815,40.974723316208035,-1642523078.5769029,87.68651023096649,-1642523031.8651137,-1642523119.5516348,-170.67317734904478,83.3708540810769,-59.6494119567352,-144.20061901614196,-65.36197947779667,0.0,84.55120705940753,5.7125675210619296,-59.6494119567352,-78.83863953834525,-144.20061901614196,-65.36197947779667,3.1333333333333346,4.33333333333334,10.591999999999983,7.402666666666724,11.872000000000053,11.498666666666681,10.090666666666685,14.250666666666637,13.298666666666659,13.794666666666723,0.1250004895767802,0.1249996665779494,0.12499928879295422,0.12499966502297047,0.12500031322168853,0.1250004783881811,0.1250000303431196,0.12499952564174188,0.12499948515254404,0.12499992260960693,0.1250003054493289,0.12500029694841122,0.12500004072172102,0.12499988645334226,0.12499993178345294
2000,51329238.818988524,102658450.87638117,16.76736609558165,9.99422877093043,-0.6493209769401678,205316929.16367972,6.773137324651047,17.416687072521736,-205316912.39631152,10.643549747870802,-205316919.169449,-205316929.81300002,290359753.20236605,410630503.682067,1642523204.9704027,1642523021.5390534,135.10911766620538,170.3638529129885,67.25990343057546,1642523204.9704027,-35.25473524678469,67.84921423562987,-1642523069.8612857,103.10394948241452,-1642523034.6065545,-1642523137.7105114,-183.16905237019017,90.47710388783571,-57.18670942303882,-163.92355219472833,-77.96427837873061,0.0,106.73684277169168,20.777568955691894,-57.18670942303882,-85.95927381599792,-163.92355219472833,-77.96427837873061,2.879999999999994,4.586666666666681,9.570666666666654,8.845333333333302,11.450666666666669,11.546666666666686,10.082666666666682,14.477333333333279,13.263999999999994,13.562666666666736,0.125000493714283,0.12499966344639098,0.12499928034685577,0.12499966187067361,0.12500031376295456,0.12500048445976444,0.12500002965217852,0.12499952184072112,0.12499947956573312,0.12499991422151671,0.12500031010589618,0.12500029452292874,0.12500004558502814,0.1249998835957563,0.12499993262385667
2400,51329229.60338275,102658435.79387216,17.676128839844402,5.736763813996638,1.8881778239667812,205316893.11245936,11.939365025847696,15.78795101587763,-205316875.43633094,3.848585990030009,-205316887.37569535,-205316891.22428373,290359755.1217554,410630505.6529476,1642523206.2739215,1642523016.4493124,148.00246578153664,168.6247120107469,85.025717964656,1642523206.2739215,-20.62224622921042,62.97674781688076,-1642523058.2714524,83.59899404609085,-1642523037.64921,-1642523121.2482042,-187.67455825561592,88.0402237434894,-57.19233559274383,-159.0151311261239,-75.32039514399968,0.0,101.82279553338074,18.128059551255582,-57.19233559274383,-83.69473598212508,-159.0151311261239,-75.32039514399968,2.71999999999999,4.746666666666686,9.34133333333335,9.693333333333323,10.831999999999978,11.258666666666661,10.501333333333315,14.402666666666654,13.045333333333339,13.725333333333394,0.12500048455663382,0.1249996715339743,0.12499930148923966,0.12499966534465681,0.1250003043461389,0.12500046694407818,0.12500003106766067,0.1249995319485547,0.12499949157215799,0.1249999115279141,0.12500029665008378,0.12500029192373086,0.12500004643104445,0.12499989030913004,0.12499993046245236
2800,51329237.29589227,102658448.41360767,15.549930344050777,10.628246033484603,-1.4792288527559807,205316924.48462036,4.921684310566192,17.029159196806678,-205316908.9346905,12.107474886240547,-205316913.85637474,-205316925.9638487,290359753.9619669,410630501.9923576,1642523207.6100173,1642523004.3320353,138.36372096012798,194.6804464369388,70.4041638688984,1642523207.6100173,-56.3167254768102,67.95955709122906,-1642523069.2462924,124.27628256803871,-1642523012.92958,-1642523137.2058747,-193.89383778058797,76.98689715381569,-59.71108752044978,-158.1890377763984,-87.70021300905294,0.0,98.47795025594912,27.98912548860324,-59.71108752044978,-70.48882476734691,-158.1890377763984,-87.70021300905294,2.6799999999999886,4.786666666666687,9.645333333333314,8.864000000000017,11.357333333333342,11.450666666666677,10.01866666666662,14.405333333333328,13.02933333333334,14.029333333333376,0.12500049179182265,0.12499966406433513,0.12499927914541463,0.1249996604083903,0.12500030810524312,0.12500048561884916,0.12500003228931278,0.12499952660377037,0.12499947945835187,0.12499991054697183,0.12500030135723733,0.12500030034762516,0.12500004912536566,0.12499988794464142,0.1249999238868501
3200,51329235.301411755,102658442.49133426,15.25606776272639,12.85542002427791,-1.6823806652359456,205316914.776538,2.4006477384486113,16.938448427962395,-205316899.520471,14.537800689513801,-205316901.9211178,-205316916.45891964,290359754.605222,410630512.0799774,1642523209.1408353,1642523016.1439543,126.11905870479272,179.5849405113071,57.44891201514537,1642523209.1408353,-53.46588180651355,68.67014668964677,-1642523083.0217772,122.13602849615991,-1642523029.5559003,-1642523151.691947,-160.94904070338367,63.52741948379061,-56.40683654989871,-136.0694277618616,-76.37837193744424,0.0,79.66259121196352,19.97153538754524,-56.40683654989871,-59.69105582441944,-136.0694277618616,-76.37837193744424,3.1600000000000024,4.306666666666673,9.479999999999954,9.336000000000034,11.050666666666652,11.178666666666654,10.282666666666596,15.12533333333329,12.293333333333383,14.053333333333375,0.12500048876120914,0.12499967033680698,0.12499928396939101,0.12499966296930279,0.12500031113737733,0.1250004821679832,0.12500003915268426,0.1249995337542315,0.1249994864039,0.12499991160059143,0.12500030517455069,0.12500029809717866,0.12500005600537312,0.12499988599727134,0.12499993153608865
3600,51329233.90201215,102658453.15770447,16.353377504940962,-1.7070589591986876,4.874822939818935,205316916.08690524,18.060436464139638,11.478554565121849,-205316899.7335277,-6.5818818990176995,-205316917.7939623,-205316911.21208557,290359755.13520056,410630506.2926725,1642523210.6457937,1642523020.2012928,143.24080880201848,166.385905018999,86.36733697770755,1642523210.6457937,-23.145096216981205,56.873471824309966,-1642523067.4049823,80.01856804129092,-1642523044.259894,-1642523124.2784717,-174.20578819925274,110.7567468262369,-57.18979677309942,-160.91646254444495,-52.80542636467005,0.0,103.72666577134436,-4.384370408429749,-57.18979677309942,-108.11103617977614,-160.91646254444495,-52.80542636467005,2.413333333333321,5.053333333333361,9.43733333333336,9.62666666666672,10.802666666666667,11.37066666666667,9.962666666666575,15.026666666666666,13.455999999999984,13.117333333333429,0.12500049601844704,0.12499966866348759,0.12499929185525023,0.12499965185170739,0.12500030935692266,0.1250004710938363,0.1250000493462186,0.12499953088324467,0.12499948576989996,0.1249998981100788,0.12500029502961843,0.12500030379683777,0.1250000640896919,0.12499989843649098,0.12499992092978152
4000,51329235.4660764,102658447.07910961,11.778241830281857,12.07479989630508,-2.887874138453154,205316920.89913574,-0.29655806602315116,14.66611596873501,-205316909.1208939,14.962674034758225,-205316908.82433495,-205316923.78700963,290359755.1132632,410630508.08316666,1642523212.0895495,1642523017.326808,115.72400747871583,183.1871653939204,54.67352047459413,1642523212.0895495,-67.46315791520558,61.05048700412158,-1642523096.3655415,128.51364491932745,-1642523028.9023676,-1642523157.416022,-181.85243441326577,71.74404298176194,-61.816858848350265,-149.98198310101677,-83.24129278047005,0.0,88.16512425266703,21.424433932119218,-61.816858848350265,-66.74069032054855,-149.98198310101677,-83.24129278047005,2.9733333333333305,4.493333333333345,10.199999999999982,8.240000000000004,11.426666666666677,12.458666666666764,8.87466666666656,14.624000000000022,13.447999999999984,13.528000000000072,0.1250004913790421,0.12499966832653059,0.12499928294612961,0.12499965692780618,0.1250003053875204,0.1250004842869618,0.12500003808183974,0.12499953435166254,0.1249994844313578,0.1249999067558544,0.12500030144885796,0.12500029912196645,0.1250000613985013,0.12499988658565556,0.12499992439259361
4400,51329236.71895461,102658441.34042072,17.59648431734444,14.501001198669929,2.6545355375623685,205316912.12379485,3.0954831186746903,14.941948779782066,-205316894.52731073,11.846465661107299,-205316897.62279254,-205316909.46925902,290359755.146379,410630506.89913887,1642523213.5240064,1642523004.0475693,140.7040237391902,199.0112158389368,79.75449839403953,1642523213.5240064,-58.30719209974599,60.949525345150256,-1642523072.8199754,119.25671744489637,-1642523014.5127752,-1642523133.7695115,-154.38036301776546,84.46353884000689,-54.90283925206365,-143.5290206163238,-63.98355017095091,0.0,88.62618136426089,9.080710918886467,-54.90283925206365,-79.54547044537544,-143.5290206163238,-63.98355017095091,3.3466666666666742,4.120000000000001,9.981333333333277,8.773333333333378,11.111999999999998,11.210666666666658,10.391999999999907,14.720000000000017,13.031999999999965,13.578666666666736,0.12500048587763238,0.12499967273215105,0.12499928610765348,0.12499966431502822,0.1250003091359049,0.12500048236377892,0.1250000441669302,0.12499953269063516,0.12499948855839811,0.12499990560010878,0.12500030369840043,0.1250002983062914,0.12500005771408212,0.12499989250729986,0.12499992870624417
4800,51329231.69691777,102658440.9112205,15.909677792590323,6.572936457056186,2.5144004944871696,205316901.79065487,9.336741335534292,13.395277298103064,-205316885.88097844,4.05853596256873,-205316895.2177196,-205316899.27625468,290359756.34626347,410630514.3240464,1642523215.0777395,1642523026.7839189,140.96578708095126,154.1579890013901,74.0393948768104,1642523215.0777395,-13.192201920438677,66.9263922041407,-1642523074.1119525,80.11859412457912,-1642523060.919761,-1642523141.0383596,-161.9312400646155,90.6043113963173,-57.70805767225764,-148.19436453003064,-59.350588023488555,0.0,90.48630685777343,1.6425303512295597,-57.70805767225764,-88.84377650654393,-148.19436453003064,-59.350588023488555,2.573333333333319,4.893333333333357,9.645333333333271,8.949333333333374,11.272000000000006,12.026666666666726,9.410666666666554,13.853333333333369,13.714666666666636,13.928000000000049,0.12500048827815705,0.12499967494078082,0.1249992982284639,0.1249996634855826,0.12500030727993083,0.1250004695820088,0.12500003748482513,0.12499953180770136,0.12499949289273637,0.12499991088153789,0.1250002995571111,0.12500029550850728,0.12500005374395562,0.12499989306850771,0.12499992862656199
5200,51329234.284891225,102658439.97978498,17.08494970945482,11.505046803117141,-1.4287080628374773,205316909.97827637,5.579902906337824,18.513657772292184,-205316892.89332455,12.933754865954363,-205316898.47322795,-205316911.40698308,290359756.1639746,410630510.8023404,1642523216.6665525,1642523024.8995075,141.83601691212144,183.08144825261786,58.64134300054264,1642523216.6665525,-41.245431340497504,83.19467391157825,-1642523074.8305328,124.44010525207625,-1642523033.585106,-1642523158.0252337,-173.36058268121155,74.7852302217367,-58.05727103636099,-146.75481857304985,-75.51022661778424,0.0,88.69754753668875,17.452955581422263,-58.05727103636099,-71.24459195526724,-146.75481857304985,-75.51022661778424,2.906666666666662,4.560000000000014,9.282666666666579,9.280000000000028,11.303999999999995,11.066666666666645,10.629333333333243,14.309333333333335,12.805333333333353,14.122666666666705,0.12500048705465241,0.12499967022873118,0.12499928964477824,0.12499966969491971,0.12500031029384823,0.12500047549424323,0.12500002737074284,0.12499952444736817,0.12499948915665976,0.12499992185865011,0.1250003092786381,0.12500028969374447,0.12500004101703302,0.12499988248711556,0.1249999366810293
5600,51329238.163597815,102658451.41826342,15.335802282151644,9.573129213035697,4.1528529227676145,205316923.592607,5.762673069116099,11.182949359383988,-205316908.2568049,5.420276290267843,-205316914.01947513,-205316919.43975317,290359755.7375771,410630505.2466856,1642523218.2083478,1642523017.8627894,139.51784371941142,183.85970010378077,80.88014311434507,1642523218.2083478,-44.341856384369194,58.63770060506558,-1642523078.6905105,102.9795569894345,-1642523034.3486516,-1642523137.3282151,-162.12430092124694,98.90513375578905,-60.01247804319363,-149.60911234330587,-53.13091504117065,0.0,89.59663430011297,-6.881563002023728,-60.01247804319363,-96.47819730213641,-149.60911234330587,-53.13091504117065,3.293333333333339,4.173333333333336,9.415999999999983,8.834666666666658,11.616000000000026,11.690666666666697,9.983999999999869,14.810666666666677,12.714666666666655,13.733333333333395,0.12500049285267187,0.12499967155057622,0.12499928700596526,0.12499965888234729,0.1250003131248921,0.12500047730180716,0.12500003834279572,0.12499952372817986,0.12499948703719785,0.12499990819079138,0.12500030414027466,0.12500030035769294,0.12500005466010392,0.12499989086901317,0.12499992905618161
6000,51329235.930711396,102658450.30340673,17.423865866135092,4.134149202109553,3.172427143079338,205316918.99240276,13.289716664025594,14.251438723055573,-205316901.56853577,0.961722059029981,-205316914.85825318,-205316915.8199763,290359756.44008344,410630508.7379791,1642523219.8252888,1642523027.2186315,138.49673406526037,176.6532725348026,95.85073960044603,1642523219.8252888,-38.15653846954247,42.645994464813676,-1642523081.3285542,80.80253293435509,-1642523043.1720254,-1642523123.974548,-180.1721230974187,80.19393218568366,-55.67144693125296,-151.98815226870397,-75.8563613976279,0.0,96.31670533745086,20.184914466373584,-55.67144693125296,-76.13179087107682,-151.98815226870397,-75.8563613976279,2.879999999999994,4.586666666666681,9.461333333333277,9.162666666666677,11.242666666666661,12.514666666666804,8.85866666666652,14.877333333333299,12.80800000000002,13.87466666666672,0.12500049083800904,0.1249996659103126,0.12499928670878788,0.12499966485330719,0.12500031212570017,0.1250004749153344,0.12500003482613106,0.1249995216373409,0.12499948694148881,0.12499991490716474,0.12500030706433626,0.12500029450261146,0.12500004354841096,0.12499988622011164,0.12499993051706815
6400,51329233.15562278,102658438.48489836,15.792565127872992,12.03378021949125,-0.045793836879229985,205316904.8419357,3.7587849083820055,15.838358964752258,-205316889.04937112,12.079574056370259,-205316892.8081556,-205316904.88773024,290359757.25506437,410630509.6120843,1642523221.5166755,1642523026.2550247,135.73921791786276,180.75874198996223,59.72051100505281,1642523221.5166755,-45.01952407210075,76.01870691280782,-1642523085.7774704,121.03823098490805,-1642523040.7579339,-1642523161.7961946,-173.9826280478407,101.20068154189617,-56.782638818321374,-163.4209604544774,-65.5287230084568,0.0,106.63832163615695,8.746084190134626,-56.782638818321374,-97.89223744602278,-163.4209604544774,-65.5287230084568,2.6533333333333213,4.813333333333354,9.757333333333287,8.989333333333327,11.119999999999989,11.14666666666667,9.938666666666528,15.095999999999995,12.50933333333337,14.242666666666699,0.1250004849900568,0.12499967288350615,0.12499929333897673,0.1249996660627568,0.12500030712602062,0.12500047396572125,0.12500003185712955,0.12499953068188097,0.12499949019905507,0.12499991560590679,0.12500030221183958,0.12500029376910182,0.12500004582661484,0.12499989024117093,0.12499992912299245
6800,51329236.23880421,102658448.77631128,17.238772709575503,6.4625233052086495,4.421399313948471,205316916.83251938,10.776249404367087,12.817373395627074,-205316899.5937481,2.041123991259939,-205316910.3699954,-205316912.41112128,290359757.0192416,410630509.5146124,1642523223.3072357,1642523024.4477372,143.52662115249888,175.41113588584028,80.05823399167446,1642523223.3072357,-31.884514733341906,63.46838716082223,-1642523079.7806175,95.35290189416375,-1642523047.8961053,-1642523143.2490149,-166.38462624447698,109.1433042290173,-56.075429069552165,-155.72142462606652,-50.18023439961368,0.0,99.6459955565159,-5.895194669939278,-56.075429069552165,-105.5411902264559,-155.72142462606652,-50.18023439961368,2.9466666666666628,4.520000000000013,9.426666666666648,9.269333333333295,11.170666666666657,11.290666666666663,10.362666666666518,14.197333333333345,13.050666666666674,14.032000000000044,0.12500048973851777,0.12499966919364144,0.12499928546820258,0.12499966557123524,0.12500031332581046,0.12500048021031465,0.1250000341681444,0.12499952553526456,0.12499948458015461,0.1249999157882474,0.12500030407952262,0.12500029697044224,0.12500004704507128,0.12499988861112012,0.1249999304592731
7200,51329230.99980409,102658442.29170364,13.769764440661723,5.938138431204792,0.5361043770597487,205316903.75520745,7.831626009457181,13.233660063601887,-205316889.9854416,5.402034054144861,-205316897.81706786,-205316903.21910304,290359758.2852724,410630517.56173736,1642523225.0065253,1642523054.2416487,125.26525188200992,157.52007815876934,70.00705286347784,1642523225.0065253,-32.25482627675948,55.2581990185298,-1642523099.7412777,87.51302529528922,-1642523067.4864469,-1642523154.9994857,-162.6418677010396,78.54297356544399,-60.96719514052835,-147.0355416301827,-71.17783903789163,0.0,86.06834648965541,10.210643897362457,-60.96719514052835,-75.85770259229434,-147.0355416301827,-71.17783903789163,2.426666666666654,5.040000000000028,10.29866666666665,8.096000000000034,11.472000000000028,10.506666666666597,11.146666666666585,13.850666666666697,13.415999999999986,14.013333333333378,0.12500048948133022,0.12499967326683556,0.12499929769641543,0.12499965887702363,0.12500030448315808,0.12500047060658653,0.12500004197672768,0.124999538505846,0.12499949408802352,0.12499990909165691,0.1250002975424534,0.12500029973829205,0.12500005988052035,0.12499989349257859,0.12499992317193694
7600,51329232.3621962,102658444.65491351,16.16481982249635,3.904657096417633,0.6073015314415044,205316908.77200177,12.260162726079095,15.557518291054885,-205316892.60718206,3.2973555649759443,-205316904.86734483,-205316908.1647019,290359758.3446481,410630506.54264885,1642523226.6941528,1642523031.5697222,136.3441301220459,185.96198875599498,71.44550768710891,1642523226.6941528,-49.61785863395032,64.89862243493434,-1642523090.3500338,114.51648106888348,-1642523040.7321775,-1642523155.248657,-204.03777746209943,110.02142075402729,-55.82243628584693,-178.37818213918567,-72.06014334234061,0.0,122.55574585334043,16.23770705649242,-55.82243628584693,-106.31803879684932,-178.37818213918567,-72.06014334234061,2.546666666666652,4.920000000000024,9.685333333333308,9.050666666666643,11.130666666666638,11.194666666666672,10.634666666666531,14.05599999999999,13.285333333333327,13.762666666666725,0.12500048649318618,0.12499966535087015,0.1249992908184026,0.12499966611207826,0.12500030744956356,0.125000472013891,0.12500002624700676,0.12499952501766393,0.12499948884524581,0.12499991765118817,0.12500030680688654,0.1250002877439985,0.1250000385380318,0.12499988219123079,0.12499993132259854
8000,51329235.17283095,102658443.02552605,17.53777868557601,9.782356197327,0.3699531516445336,205316913.0012337,7.755422488249316,17.167825533931445,-205316895.4634548,9.412403045682213,-205316903.21887863,-205316912.6312802,290359758.1620532,410630509.83605415,1642523228.5040882,1642523028.3739667,140.21962919852095,181.51591395467833,70.57721104530677,1642523228.5040882,-41.29628475615781,69.64241815321154,-1642523088.2844684,110.938702909369,-1642523046.9881659,-1642523157.9268756,-183.7438828935536,87.98204892119509,-52.40068154134331,-157.9692297384967,-73.0797691981333,0.0,105.56854819715382,20.679087656789243,-52.40068154134331,-84.88946054036656,-157.9692297384967,-73.0797691981333,2.853333333333327,4.613333333333348,9.397333333333371,9.54399999999994,10.9253333333333,12.042666666666728,9.290666666666498,14.765333333333347,12.94666666666668,13.888000000000051,0.12500048782001838,0.12499967089546551,0.12499928754480603,0.1249996651108285,0.12500030605175458,0.12500047740991,0.12500003300693333,0.12499952993106836,0.12499948432883766,0.1249999087080286,0.12500030155401357,0.12500029359942194,0.1250000521061258,0.12499988844308164,0.12499993038346531
8400,51329232.14417505,102658437.02408421,16.576387195812018,10.68787856447929,0.5294629360885117,205316900.78297225,5.888508631333133,16.046924259723493,-205316884.2065832,10.15841562839048,-205316890.0950921,-205316900.25350913,290359759.0714735,410630511.8464322,1642523230.4593499,1642523036.8383608,140.460748351052,183.04953975728867,71.44945884875398,1642523230.4593499,-42.588791406238194,69.01128950229493,-1642523089.9985914,111.600080908533,-1642523047.4098065,-1642523159.0098968,-188.4260219516279,89.77886706674403,-59.09674525672372,-159.1465657304548,-72.66444843722783,0.0,100.04982047373325,13.567703180503829,-59.09674525672372,-86.48211729322948,-159.1465657304548,-72.66444843722783,2.346666666666655,5.120000000000029,9.530666666666622,8.642666666666745,11.69333333333337,11.413333333333332,10.0666666666665,14.941333333333336,12.104000000000035,14.408000000000023,0.12500048282351606,0.12499967149739152,0.12499929425013338,0.12499966683460911,0.12500030649546262,0.12500047125771271,0.1250000310541419,0.12499952886363061,0.12499949151140662,0.12499991413232622,0.12500030142453544,0.12500028908184876,0.12500004764133904,0.12499988347250886,0.12499993323090201
8800,51329237.42283068,102658452.55204038,17.222917402790838,5.0707028667911125,0.29379357721506344,205316927.1039088,12.152214536000026,16.929123825575758,-205316909.88099042,4.776909289575801,-205316922.033205,-205316926.81011486,290359758.4896752,410630507.65126413,1642523232.5491574,1642523029.0398552,144.07046735291442,187.6160329688377,62.890356454638095,1642523232.5491574,-43.54556561592209,81.18011089827333,-1642523088.4786918,124.72567651419513,-1642523044.933139,-1642523169.6588175,-182.24625447954816,99.2355556137386,-59.258227384331484,-159.31289337431124,-65.96143501599362,0.0,100.05466598998076,6.703207631661677,-59.258227384331484,-93.35145835832074,-159.31289337431124,-65.96143501599362,2.666666666666655,4.80000000000002,9.794666666666659,9.034666666666698,11.037333333333324,11.59466666666669,10.077333333333174,14.048000000000028,13.51999999999995,13.693333333333396,0.12500049508032549,0.12499966369409629,0.1249992830506984,0.12499965919850504,0.12500031091402683,0.12500048244706516,0.12500003569872697,0.12499952698952582,0.1249994793197171,0.12499991170406101,0.12500030198728673,0.12500030028390602,0.12500005081914847,0.12499988832311065,0.12499992680007592
9200,51329236.42624191,102658449.629057,16.086988770176283,7.136437648022738,0.9515663376254636,205316921.52997425,8.95055112215377,15.135422432550733,-205316905.4429854,6.184871310397064,-205316914.3935366,-205316920.5784084,290359759.0527441,410630512.67662454,1642523234.6384182,1642523050.7376108,138.06354615547326,168.8019173732802,65.52326614001726,1642523234.6384182,-30.738371217807902,72.54028001545363,-1642523096.574877,103.27865123326104,-1642523065.8365076,-1642523169.1151628,-182.8144118697767,104.02114601107411,-56.76758071524654,-162.58042924509004,-63.34250319915613,0.0,105.81284852984457,6.574922483908794,-56.76758071524654,-99.2379260459372,-162.58042924509004,-63.34250319915613,2.879999999999994,4.586666666666681,9.410666666666716,9.901333333333296,10.554666666666622,12.634666666666792,8.794666666666497,14.850666666666648,12.98400000000001,13.669333333333398,0.1250004923298888,0.12499966851702152,0.12499928586519328,0.12499965988072903,0.1250003058557927,0.12500048008328024,0.12500003446215469,0.12499953103835282,0.12499948236313298,0.1249999084602188,0.12500030042318222,0.12500029899912163,0.12500005469260597,0.1249998910832674,0.12499992367875028
9600,51329238.088958375,102658454.96422082,15.04187222496957,6.171823721973477,1.2551671735814214,205316929.88697016,8.870048502996479,13.786705051388212,-205316914.8450967,4.916656548391819,-205316923.71514454,-205316928.63180164,290359759.12102747,410630512.6407534,1642523236.6751816,1642523048.1542497,133.98014672879037,168.33530666380247,77.29370377681121,1642523236.6751816,-34.35515993501394,56.68644295197663,-1642523102.6950333,91.04160288699039,-1642523068.339883,-1642523159.3814914,-188.0753492442647,91.17754235309752,-63.91932209462448,-158.67509485133135,-72.67945121222004,0.0,94.75577275670815,8.760129117594682,-63.91932209462448,-85.99564363911401,-158.67509485133135,-72.67945121222004,2.61333333333332,4.853333333333356,9.090666666666658,9.685333333333368,11.090666666666662,12.042666666666728,9.186666666666495,14.781333333333345,13.112000000000002,13.810666666666723,0.12500049489173112,0.12499966636162607,0.12499928293427193,0.12499965540689467,0.1250003097271301,0.12500047812424867,0.1250000373207504,0.1249995253552682,0.12499948275637433,0.12499990535701247,0.1250003036393643,0.12500029888095834,0.12500005680467338,0.12499988741944962,0.12499992638891794
10000,51329238.28596698,102658450.39192139,15.469505819412658,10.710505777355772,0.9711455835189332,205316925.99270907,4.7590000420571315,14.498360235893754,-205316910.52320135,9.739360193836683,-205316915.28220123,-205316925.02156276,290359759.4993119,410630512.26544607,1642523238.945268,1642523034.2821033,135.77889547379448,183.46322903559653,72.09320537042719,1642523238.945268,-47.684333561802035,63.685690103364195,-1642523103.166376,111.37002366516596,-1642523055.4820478,-1642523166.8520715,-167.49172068995284,86.4613076980879,-58.89645177669141,-153.23551003995033,-69.78775360897836,0.0,94.3390582632598,10.891301832286718,-58.89645177669141,-83.44775643097434,-153.23551003995033,-69.78775360897836,3.266666666666672,4.200000000000004,9.41599999999999,8.669333333333347,11.781333333333366,10.946666666666648,10.650666666666538,14.52799999999998,12.973333333333317,13.834666666666722,0.12500049087508994,0.12499966780716186,0.12499928355360856,0.12499966572706521,0.12500031442973378,0.12500048255923576,0.1250000302361536,0.12499952427683171,0.12499948260055385,0.12499991841614232,0.12500030628321937,0.12500029752568007,0.1250000438408667,0.12499988521565142,0.124999934282426
10400,51329233.41999072,102658442.60606873,15.797892713763938,8.436019471033624,-1.1623588595915888,205316910.60841054,7.361873242730526,16.960251573355524,-205316894.81051564,9.59837833062501,-205316902.17238593,-205316911.77076852,290359760.8054193,410630513.70276314,1642523241.237173,1642523047.0041943,131.54084217785586,185.27522001780216,72.46328764057507,1642523241.237173,-53.7343778399462,59.077554537278175,-1642523109.6963286,112.81193237722351,-1642523055.9619486,-1642523168.7738822,-199.1124637597973,78.20400055118824,-56.99153484365711,-162.6900674888438,-87.19216192756507,0.0,105.69853264518736,30.20062708390693,-56.99153484365711,-75.4979055612823,-162.6900674888438,-87.19216192756507,2.6799999999999886,4.786666666666687,9.565333333333323,9.026666666666681,11.274666666666667,11.584000000000017,10.095999999999792,14.221333333333348,13.367999999999972,13.664000000000065,0.12500048599582556,0.1249996679229145,0.12499929036168338,0.12499966512476147,0.12500030563971695,0.12500047447728405,0.12500002905918817,0.12499952900227948,0.12499948595274692,0.12499991344620554,0.1250003012577113,0.12500029118521894,0.12500004424613242,0.12499988679247935,0.12499992920197825
10800,51329234.12156731,102658448.63311695,15.53468556690579,4.075330917484818,1.7168037374034586,205316915.15944806,11.459354649421252,13.817881829502392,-205316899.62476113,2.3585271800811465,-205316911.0841156,-205316913.44264352,290359761.1405884,410630517.55349725,1642523243.7753503,1642523063.4204426,129.95415831628114,166.60566199761433,78.52506709125161,1642523243.7753503,-36.651503681331086,51.42909122502729,-1642523113.8211963,88.08059490635779,-1642523077.1696885,-1642523165.2502902,-176.63722515245826,92.47051816276753,-55.74601487152947,-157.9802561494006,-70.25588409469111,0.0,102.23424127787229,14.509869223161463,-55.74601487152947,-87.72437205471233,-157.9802561494006,-70.25588409469111,2.853333333333327,4.613333333333348,10.058666666666687,8.447999999999986,11.360000000000012,11.274666666666672,10.122666666666465,14.73333333333333,13.154666666666667,13.648000000000065,0.12500049012263878,0.12499966557861299,0.1249992900127034,0.12499966104851794,0.12500031167272468,0.12500047765942582,0.12500003942440577,0.12499952903532993,0.12499948750577214,0.12499991007161458,0.12500030164468146,0.1250002958938782,0.125000052026011,0.12499988795725996,0.12499992805774632
11200,51329235.154693395,102658445.72164483,16.57688437582032,8.010857607588019,-0.40278866972894783,205316916.43382102,8.566026768232478,16.979673045549195,-205316899.856936,8.4136462773167,-205316908.42296067,-205316916.83661008,290359761.3574989,410630516.03355825,1642523245.9972107,1642523053.996261,142.99700444907728,175.832093011839,62.87386538002104,1642523245.9972107,-32.83508856276246,80.12313906905374,-1642523103.0002089,112.95822763181611,-1642523070.1651258,-1642523183.1233625,-178.7264095654233,90.61745888580774,-58.30147479981606,-157.8212079198696,-71.58659042874046,0.0,99.5197331200557,13.285115628923545,-58.30147479981606,-86.23461749113349,-157.8212079198696,-71.58659042874046,2.906666666666662,4.560000000000014,9.562666666666667,9.383999999999984,10.919999999999975,11.746666666666727,9.75466666666646,14.62933333333333,12.949333333333323,13.853333333333387,0.1250004899172536,0.12499967052703935,0.12499928726573412,0.12499966339881854,0.12500030638403944,0.1250004779699709,0.12500003414596744,0.12499953137392301,0.12499948383049235,0.12499991120921862,0.12500030139815957,0.1250002953517797,0.12500005392850475,0.12499988826018685,0.12499993010543509
11600,51329235.98705166,102658443.13623354,17.158503891363956,11.679365317392973,1.8737952612994542,205316913.23654118,5.479138573971149,15.284708630064406,-205316896.0780355,9.805570056093295,-205316901.55717582,-205316911.3627458,290359761.6371375,410630513.7741557,1642523248.3620481,1642523038.2761915,146.78877284354667,192.05153351523867,88.55113039828817,1642523248.3620481,-45.262760671690785,58.23764244525621,-1642523101.5732741,103.50040311694671,-1642523056.3105216,-1642523159.810927,-184.114729306343,85.3004369336603,-60.75245914676302,-159.96009682613592,-79.01391300681047,0.0,99.20763767937515,18.261453860046615,-60.75245914676302,-80.94618381932848,-159.96009682613592,-79.01391300681047,2.839999999999993,4.626666666666682,9.901333333333321,8.581333333333383,11.384000000000023,11.840000000000048,9.874666666666455,14.38399999999999,13.10933333333331,13.725333333333394,0.12500048619173207,0.12499967067689047,0.12499928945149646,0.1249996616373609,0.12500030709090498,0.12500047627837876,0.125000035208709,0.12499953067706226,0.12499948661978247,0.12499990970783896,0.125000297699865,0.1250002988540483,0.1250000492734224,0.1249998925264129,0.12499992305557212
12000,51329232.90092093,102658442.60825339,16.1705950698458,7.022992148762146,-0.031211240003029505,205316908.44130576,9.1476029210839,16.201806309848767,-205316892.27071095,7.054203388764859,-205316901.41831395,-205316908.47251746,290359762.6155047,410630519.1163862,1642523250.6376147,1642523051.3842177,139.53931188788494,171.6247565857068,82.40943891833484,1642523250.6376147,-32.085444697819874,57.12987296954867,-1642523111.0983067,89.21531766736807,-1642523079.0128772,-1642523168.2282038,-186.83725885904877,73.23715169657426,-60.947190123897656,-157.93208940118086,-88.0981009004716,0.0,96.98489927728554,27.15091077657374,-60.947190123897656,-69.83398850071168,-157.93208940118086,-88.0981009004716,2.5999999999999863,4.866666666666689,10.149333333333313,8.546666666666647,11.170666666666666,11.850666666666712,9.57866666666645,14.949333333333309,12.421333333333376,14.133333333333372,0.12500048798892027,0.12499967200593824,0.12499929558879166,0.12499966095242163,0.12500030185911482,0.12500047058499253,0.1250000365167806,0.12499953425241404,0.12499948680585148,0.12499990772102859,0.12500029602663595,0.1250002943860698,0.12500005702800684,0.12499989166304927,0.12499992792443233
12400,51329236.64096346,102658445.73972744,15.344045880686005,12.198152623551927,1.7257542440863454,205316917.29590103,3.1458932571344125,13.618291636599663,-205316901.95185414,10.472398379465258,-205316905.0977472,-205316915.57014647,290359762.3283448,410630515.5712035,1642523252.8038406,1642523053.2792585,137.33830423768546,184.8044985464082,68.95070624555981,1642523252.8038406,-47.46619430872284,68.38759799212394,-1642523115.465541,115.85379230084607,-1642523067.999359,-1642523183.8531528,-166.48493107633675,96.69895860260729,-59.663312856850425,-153.29902946295684,-60.62799762440795,0.0,93.63571660610688,0.9646847675572192,-59.663312856850425,-92.67103183855079,-153.29902946295684,-60.62799762440795,2.533333333333319,4.9333333333333576,10.170666666666603,7.664000000000031,12.032000000000048,11.290666666666663,10.042666666666461,14.282666666666707,13.314666666666659,14.002666666666713,0.1250004880254091,0.12499967264702472,0.12499929095386558,0.12499966209691868,0.1250003114309788,0.12500047345075183,0.12500003522796446,0.12499952640729747,0.124999492389811,0.12499991106460254,0.1250003073292114,0.12500029403768254,0.12500005180062404,0.12499988686176783,0.12499993135319888
12800,51329235.91592856,102658452.73649426,15.127833531069346,3.967527943487068,2.3907262861352283,205316922.1776281,11.160305587582506,12.737107244934107,-205316907.04979149,1.5768016573515589,-205316918.21009585,-205316919.78689897,290359762.8617797,410630518.6556521,1642523255.0018656,1642523072.0072467,131.0302613631251,160.3329202442375,71.24898601203827,1642523255.0018656,-29.302658881112404,59.78127535108504,-1642523123.9716089,89.08393423219735,-1642523094.6689544,-1642523183.752904,-182.80874678674402,107.64914157284258,-57.23735023633059,-162.82123168333544,-57.59664717638415,0.0,105.583881447006,0.35929694005314156,-57.23735023633059,-105.22458450695402,-162.82123168333544,-57.59664717638415,2.6399999999999877,4.8266666666666875,9.223999999999956,9.002666666666688,11.640000000000025,11.242666666666672,10.170666666666456,14.44800000000001,12.773333333333355,14.298666666666696,0.12500049045789924,0.12499966288789086,0.1249992872949191,0.124999661427177,0.12500031412951126,0.12500047864094166,0.12500003548507668,0.12499952359032253,0.12499948692892358,0.12499991486668646,0.12500030720440602,0.12500029308312105,0.12500004596233943,0.12499988425570945,0.1249999294477418
13200,51329237.27299964,102658449.47635922,15.520999329883118,9.548640226281142,-2.893957258380086,205316926.91631538,5.972359103602278,18.414956588263212,-205316911.39531627,12.442597484660974,-205316917.36767352,-205316929.81027186,290359763.03093904,410630518.1975701,1642523257.2858884,1642523061.0376818,127.94770123321034,179.5888531310826,66.00545765167783,1642523257.2858884,-51.64115189787204,61.94224358153054,-1642523129.3381915,113.58339547940237,-1642523077.6970403,-1642523191.28044,-190.26111761226986,59.97292456451662,-54.913997362944,-150.49506903302304,-94.60689630404535,0.0,95.58107167008083,39.692898941100836,-54.913997362944,-55.88817272898015,-150.49506903302304,-94.60689630404535,2.999999999999998,4.466666666666677,9.911999999999972,9.312000000000046,10.642666666666639,11.978666666666722,9.354666666666445,14.957333333333336,12.896000000000015,13.746666666666727,0.1250004926871709,0.12499966522069932,0.12499928260748934,0.12499965475248066,0.12500030498323583,0.12500048245320303,0.1250000428001792,0.12499953381415468,0.12499948126831756,0.1249999021888789,0.12500029970211401,0.12500029948588007,0.12500006443391995,0.12499988722127023,0.12499992463377646
13600,51329237.62920931,102658451.59610859,14.326242068523996,9.336067487213231,0.3577587389138925,205316926.49676904,4.990174581310933,13.968483329610057,-205316912.1705268,8.978308748299181,-205316917.16070023,-205316926.1390094,290359763.3839801,410630518.3846446,1642523259.5768204,1642523067.6025586,133.99285205153424,179.63089105049585,78.83497068019489,1642523259.5768204,-45.63803899896154,55.15788137133752,-1642523125.5839682,100.79592037029884,-1642523079.9459283,-1642523180.741851,-177.22317486068954,70.33673680051022,-61.143322280265956,-148.16029453771748,-81.38196281017477,0.0,87.01697225745329,20.238640529909173,-61.143322280265956,-66.77833172754494,-148.16029453771748,-81.38196281017477,2.786666666666658,4.6800000000000175,9.48266666666665,8.325333333333335,12.058666666666722,11.242666666666674,9.994666666666454,14.496000000000029,13.12266666666667,14.077333333333375,0.12500049130121893,0.12499966757887655,0.12499928452497443,0.12499965967643856,0.1250003143326549,0.12500047941575693,0.12500003585745867,0.12499952522213313,0.12499948464301093,0.12499991153559589,0.12500030359658024,0.1250002976061371,0.12500005026188343,0.12499988661812855,0.12499992985000598
14000,51329232.86178894,102658439.66857207,17.484003555721348,8.571001741074195,-3.2201613020171345,205316908.61231363,8.913001814647387,20.7041648577385,-205316891.1283087,11.791163043091093,-205316900.04130763,-205316911.83247364,290359764.6977065,410630522.75936264,1642523262.0091956,1642523058.0450482,143.51438592054996,176.89893434062563,60.54642636357685,1642523262.0091956,-33.384548420075504,82.96795955697138,-1642523118.4948077,116.35250797704597,-1642523085.1102521,-1642523201.462761,-181.60718155859414,59.44609478123658,-55.708411621391605,-147.8784898616573,-91.76764702007263,0.0,92.17007824026744,36.05923539868084,-55.708411621391605,-56.110842841586916,-147.8784898616573,-91.76764702007263,2.226666666666657,5.240000000000033,10.290666666666654,8.600000000000016,10.975999999999985,12.074666666666742,9.338666666666445,14.373333333333346,13.431999999999984,13.714666666666728,0.12500048949084666,0.1249996740295712,0.12499929682231763,0.12499966338220984,0.12500030043494925,0.12500046889904667,0.1250000304500215,0.1249995355963361,0.12499948700709018,0.1249999143849294,0.12500029751095498,0.12500029518960576,0.12500005258255448,0.12499989038692921,0.1249999299003272
14400,51329237.015949145,102658451.97664106,15.905478883531671,6.149777270067473,2.3669256446553897,205316923.64161354,9.75570161346448,13.538553238876327,-205316907.7361337,3.782851625411764,-205316917.49183568,-205316921.27468804,290359764.42645353,410630519.32462835,1642523264.6764338,1642523073.605118,134.30061035121216,174.18335821180716,69.02382996799788,1642523264.6764338,-39.882747860594456,65.27678038321261,-1642523130.375826,105.15952824380605,-1642523090.4930875,-1642523195.6526208,-174.69048454542752,105.50692060317682,-57.9471409259441,-158.34389360867377,-55.57031049030159,0.0,100.39675268273159,-2.376830435642724,-57.9471409259441,-102.7735831183745,-158.34389360867377,-55.57031049030159,2.6933333333333223,4.773333333333353,8.901333333333325,9.295999999999985,11.669333333333354,10.826666666666645,10.450666666666468,14.661333333333353,13.245333333333303,13.749333333333393,0.1250004910700673,0.12499966622972694,0.12499928673602496,0.1249996600787234,0.12500031372230014,0.1250004781974803,0.12500004065496384,0.12499952518758457,0.12499948657524934,0.12499990831473796,0.12500030380059401,0.12500029616535963,0.12500005368428602,0.12499988751897051,0.12499992832489153
14800,51329239.3145158,102658454.60418996,16.804301382567758,7.220539413649546,1.6691230459882929,205316931.56409895,9.583761968918502,15.1351783365795,-205316914.7597967,5.551416367660919,-205316924.34355855,-205316929.8949755,290359764.60243845,410630516.9211319,1642523267.9392633,1642523071.6200712,141.6811554976285,179.07955738212942,72.26692881380295,1642523267.9392633,-37.39840188450028,69.41422668382381,-1642523126.258108,106.81262856832316,-1642523088.859714,-1642523195.6723444,-183.29683023029486,104.60555100663976,-56.895918362454516,-165.5259676071419,-64.3776178119497,0.0,108.63004924468879,7.481699449494751,-56.895918362454516,-101.14834979519458,-165.5259676071419,-64.3776178119497,2.6933333333333223,4.773333333333353,9.370666666666647,8.856000000000014,11.640000000000025,11.386666666666672,10.151999999999774,14.36000000000002,12.959999999999996,14.074666666666708,0.1250004927394485,0.12499966427164705,0.12499928210850297,0.1249996588942989,0.12500031234031211,0.12500048261014723,0.12500003723371786,0.1249995246638847,0.12499948068544471,0.12499990965460334,0.12500030395611197,0.12500029795930462,0.1250000513026902,0.12499988802578012,0.12499992782780156
15200,51329237.234715044,102658452.52964701,14.834980328779327,7.1048024614011585,-1.1115100299053038,205316928.11058807,7.730177867378361,15.946490358684555,-205316913.27560675,8.21631249130615,-205316921.0057831,-205316929.22209698,290359765.7849799,410630522.43460184,1642523272.3399777,1642523085.5982666,129.6460020015888,171.14383878650588,66.40871626961649,1642523272.3399777,-41.49783678491625,63.237285731970786,-1642523142.6939776,104.73512251688537,-1642523101.1961563,-1642523205.9312801,-188.935777429623,84.92004786512102,-59.8337437967947,-161.67720824268068,-80.76113491630932,0.0,101.84346444588718,20.9273911195146,-59.8337437967947,-80.91607332637345,-161.67720824268068,-80.76113491630932,2.9733333333333305,4.493333333333345,9.519999999999975,8.738666666666706,11.608000000000029,11.210666666666667,10.253333333333105,14.783999999999986,12.504000000000001,14.181333333333368,0.12500049239983826,0.12499966307466817,0.12499928548876088,0.12499965795567956,0.12500031243200865,0.1250004787197619,0.12500003439965085,0.12499952536836428,0.12499948502072078,0.12499991404301646,0.12500030516391802,0.12500029648507957,0.12500004865632514,0.12499988273379939,0.1249999288324805
15600,51329240.146969706,102658457.28515476,15.72655320024311,7.282230959385791,0.34675002310047204,205316937.23234424,8.444322240857637,15.37980317714266,-205316921.5057904,6.935480936284978,-205316929.9501123,-205316936.88559413,290359765.96099305,410630520.2394815,1642523276.2166247,1642523080.9011152,136.16354020426442,181.20880050535402,67.62215323500536,1642523276.2166247,-45.04526030108813,68.54138696925743,-1642523140.0530777,113.58664727034522,-1642523095.0078306,-1642523208.5944903,-183.23000877484446,95.71728689170504,-57.71510733441665,-163.62468478841456,-70.30478106634676,0.0,105.90957745399898,12.589673731929826,-57.71510733441665,-93.31990372207005,-163.62468478841456,-70.30478106634676,3.1066666666666674,4.360000000000008,9.36799999999996,9.13866666666671,11.360000000000008,11.050666666666654,10.578666666666471,14.175999999999997,13.101333333333336,14.02666666666671,0.1250004938985842,0.12499966219298116,0.12499927986980193,0.12499965969321554,0.12500031602872266,0.12500048282083007,0.125000032553781,0.12499952144882612,0.1249994813408763,0.12499991677806077,0.1250003092794551,0.12500029743228164,0.12500004401703957,0.12499988315164622,0.12499993046330062
16000,51329232.258591525,102658440.67598341,16.937835314387257,6.903364550281331,-0.09223708915041548,205316905.28540307,10.034470764106189,17.03007240353773,-205316888.34756732,6.995601639431431,-205316898.3820377,-205316905.37764117,290359768.02263397,410630523.3221768,1642523279.6268923,1642523075.240579,143.02492531602172,180.06756137824,62.728580672810665,1642523279.6268923,-37.04263606221775,80.2963446432094,-1642523136.6019645,117.33898070542612,-1642523099.5593412,-1642523216.8983233,-188.87967879479126,97.71607628581263,-58.16124309774098,-162.74848607580753,-68.91470868565696,0.0,104.58724297806658,10.753465587915814,-58.16124309774098,-93.83377739015187,-162.74848607580753,-68.91470868565696,2.813333333333326,4.653333333333349,10.274666666666644,8.07200000000001,11.520000000000017,11.658666666666695,9.730666666666446,14.328000000000022,13.226666666666663,13.989333333333379,0.12500048547105955,0.12499967143696261,0.1249992985532624,0.12499966327860293,0.12500030425407177,0.12500046784237281,0.1250000328187893,0.12499953225060652,0.12499949175451257,0.12499991057299896,0.125000299332301,0.1250002911915556,0.12500004939524362,0.1249998894415236,0.12499992924851704
16400,51329237.61077824,102658454.3347158,14.546991426899432,6.339848895281289,4.359711155306769,205316925.19656208,8.20714253161845,10.187280271592636,-205316910.64956847,1.9801377399742148,-205316918.85671124,-205316920.83685017,290359767.6955628,410630524.24907327,1642523283.1862948,1642523095.3075628,132.74623850360197,170.7528070043016,91.20076614737451,1642523283.1862948,-38.00656850069772,41.545472356225694,-1642523150.4400525,79.55204085692306,-1642523112.4334939,-1642523191.9855437,-173.24033084135826,99.77730692106284,-61.82014121676071,-158.2318604925894,-61.779444669560846,0.0,96.41171927582896,-0.04069654719972071,-61.82014121676071,-96.45241582302968,-158.2318604925894,-61.779444669560846,2.706666666666656,4.760000000000019,9.653333333333295,8.976000000000017,11.237333333333334,11.178666666666654,10.154666666666452,14.565333333333358,13.303999999999991,13.730666666666728,0.12500049006063702,0.12499967022570331,0.12499928661605099,0.12499966137740326,0.12500031029968725,0.1250004788913919,0.12500003760523917,0.1249995270458014,0.12499948745760246,0.12499990815212915,0.12500030286104585,0.12500029731526058,0.1250000526112274,0.12499989068004902,0.1249999262141492
16800,51329236.91892272,102658450.65220416,16.57508530990953,6.610554878205875,3.074441499075969,205316921.41560853,9.964530431703958,13.500643810833633,-205316904.8405219,3.5361133791295902,-205316914.80505294,-205316918.3411666,290359768.4170601,410630525.75973165,1642523286.4484048,1642523096.7354522,137.66550444904664,168.6700171968652,80.36852928530658,1642523286.4484048,-31.004512747817774,57.29697516373809,-1642523148.782895,88.30148791155506,-1642523117.7783914,-1642523206.079884,-175.63908860023344,99.04296366488083,-56.12529100027654,-156.62486083077474,-61.22520246858522,0.0,100.49956983049829,5.099911468308636,-56.12529100027654,-95.39965836219002,-156.62486083077474,-61.22520246858522,2.61333333333332,4.853333333333356,9.567999999999985,8.82133333333334,11.477333333333354,10.874666666666638,10.501333333333143,14.682666666666684,12.776000000000003,14.098666666666707,0.12500048909647116,0.12499966896012575,0.12499929093194304,0.12499966179320361,0.12500031116341867,0.12500047356646787,0.12500003477056412,0.12499952692461468,0.12499948845456159,0.12499991462651507,0.12500030426341097,0.12500029636975846,0.1250000456212042,0.12499989010298457,0.12499992716174706
17200,51329237.92870447,102658452.72836754,15.297741391297441,7.831299843455675,1.1660705331827217,205316927.41970634,7.466441547842077,14.131670858114816,-205316912.12196353,6.665229310272708,-205316919.58840474,-205316926.2536356,290359768.7462625,410630525.9564715,1642523289.2621093,1642523103.2158017,134.24381678017255,172.8234248400867,69.99823551875151,1642523289.2621093,-38.579608059913326,64.24558126141909,-1642523155.018296,102.82518932133262,-1642523116.43869,-1642523219.263892,-184.27247709873873,98.97288410974308,-57.56927012144458,-161.70373507514202,-66.07520971421413,0.0,104.13446495369882,8.505939592769604,-57.56927012144458,-95.62852536092983,-161.70373507514202,-66.07520971421413,2.6533333333333213,4.813333333333354,9.853333333333314,8.720000000000038,11.29333333333335,11.914666666666717,9.498666666666445,14.200000000000022,13.943999999999955,13.376000000000081,0.12500049144665012,0.12499966784590004,0.12499928678608596,0.12499965684184212,0.12500030744694843,0.1250004795816023,0.12500003874608082,0.12499953083751368,0.12499948325945365,0.12499990376527231,0.12500029805757312,0.125000300461904,0.12500005698975866,0.12499989209978737,0.12499992495704326
17600,51329234.39784241,102658446.73205286,15.793434563576975,6.270197147449157,1.3651856452742306,205316914.16255206,9.523237416128033,14.428248918302701,-205316898.3691176,4.9050115021747045,-205316907.89235413,-205316912.79736614,290359769.8549091,410630526.03539693,1642523291.8069663,1642523092.888409,137.01507875590798,181.66330515909522,62.78952537291417,1642523291.8069663,-44.648226403185284,74.2255533829919,-1642523154.7918813,118.8737797861768,-1642523110.1436646,-1642523229.0174453,-180.65370479889242,115.44426495809383,-57.43417153756218,-168.7110540815373,-57.35336258543707,0.0,111.27688254397546,-0.08080895212538135,-57.43417153756218,-111.35769149610263,-168.7110540815373,-57.35336258543707,3.0399999999999987,4.4266666666666765,9.418666666666644,8.584000000000009,11.864000000000043,11.46666666666668,9.95466666666645,14.157333333333382,13.749333333333276,13.605333333333402,0.12500048684798482,0.12499966932918222,0.12499929238652001,0.12499966438000035,0.12500030746444726,0.12500047456769262,0.12500003293936782,0.12499953119144984,0.12499948988809167,0.12499991417083957,0.12500030071045443,0.12500029575641342,0.1250000456121619,0.12499988986498099,0.1249999262894039
18000,51329236.44173077,102658451.7288909,14.729137361386467,6.425431485713492,1.6592832259884531,205316922.95307088,8.303705875673312,13.069854135398062,-205316908.22393113,4.766148259724711,-205316916.52763724,-205316921.2937867,290359769.92287093,410630528.5525567,1642523294.223187,1642523098.9056199,130.66391518438934,176.9725872268005,81.49276413809237,1642523294.223187,-46.308672042409235,49.17115104629489,-1642523163.559268,95.47982308870412,-1642523117.250608,-1642523212.7304368,-182.9391008119902,86.73698158431799,-59.51557198156082,-158.20106524168952,-73.6674696839345,0.0,98.68549326012922,14.151897702373468,-59.51557198156082,-84.53359555775633,-158.20106524168952,-73.6674696839345,2.879999999999994,4.586666666666681,9.850666666666593,8.85333333333336,11.162666666666652,12.154666666666749,9.09866666666644,14.765333333333347,12.997333333333343,13.917333333333383,0.12500048952508935,0.12499967092483816,0.12499928785293317,0.1249996626883853,0.12500030602069978,0.1250004739180776,0.12500003457874237,0.12499952725669512,0.1249994905756087,0.12499991070820082,0.12500030589731229,0.12500029251944625,0.1250000539027599,0.12499988478134709,0.12499992842945434
18400,51329238.21180637,102658451.70772138,16.284258515566513,8.431633553862492,-1.8943327932077156,205316930.02566594,7.852624961704205,18.178591308774177,-205316913.7414086,10.325966347069885,-205316921.594032,-205316931.9199991,290359770.0482666,410630526.5386153,1642523296.6803048,1642523108.9157052,141.8233621242838,174.4355796578866,60.24497711613403,1642523296.6803048,-32.612217533602056,81.57838500814798,-1642523154.8569384,114.19060254174947,-1642523122.244731,-1642523236.4353313,-190.35983285854425,88.02570656598698,-59.35065576971099,-165.85469621733696,-80.8756628961555,0.0,106.50404044762648,21.525007126444756,-59.35065576971099,-84.97903332118236,-165.85469621733696,-80.8756628961555,2.5866666666666527,4.880000000000023,9.43466666666663,9.192000000000043,11.240000000000009,11.402666666666684,9.85066666666645,14.589333333333357,13.357333333333322,13.733333333333395,0.12500049315567785,0.1249996659649232,0.12499928926729079,0.12499965994610954,0.12500030964904593,0.1250004766975816,0.12500002945900915,0.12499952429644036,0.12499948194880371,0.12499991241502821,0.12500030271008333,0.12500029427560963,0.12500004847833612,0.12499988623804831,0.1249999318096963
18800,51329239.26700901,102658453.58433706,17.36107057876472,7.588609865846033,2.4890326778773684,205316929.6293222,9.77246071291901,14.872037900887449,-205316912.2682518,5.099577187968424,-205316922.04071105,-205316927.14028975,290359770.3091047,410630527.93610746,1642523299.1649036,1642523106.5927083,145.4705437828596,176.49983031313243,79.17535584957436,1642523299.1649036,-31.029286530271946,66.29518793328356,-1642523153.694358,97.32447446355464,-1642523122.665074,-1642523219.9895568,-173.45654139426776,95.67929537964355,-56.78378022328864,-157.53043654818433,-64.7528504155568,0.0,100.74665632489513,7.969070192267903,-56.78378022328864,-92.777586132628,-157.53043654818433,-64.7528504155568,2.7733333333333245,4.693333333333351,10.07733333333329,8.506666666666701,11.282666666666673,11.386666666666672,10.087999999999777,14.552000000000003,13.466666666666649,13.440000000000078,0.1250004921799952,0.12499967020388807,0.12499928652379834,0.1249996609511271,0.12500030816780988,0.12500047882693488,0.125000037951633,0.12499952757919834,0.12499948366576573,0.12499990613034122,0.12500030062662185,0.12500029958642017,0.12500005428327554,0.12499989346987192,0.12499992693362424
19200,51329243.278446816,102658462.0497158,14.889526528928974,9.617651595857676,0.44398397749740404,205316948.16262683,5.271874933071644,14.44554255143167,-205316933.2731003,9.173667618360003,-205316938.54497245,-205316947.71864292,290359770.04028296,410630529.70098907,1642523301.7027905,1642523109.2146618,127.02784933672008,175.60022211219,73.47076776559405,1642523301.7027905,-48.572372775469105,53.55708157112476,-1642523174.6749473,102.12945434659298,-1642523126.1025703,-1642523228.2320416,-170.33079385674304,75.88762797902403,-59.072154941042776,-147.72580495604194,-75.36707659089485,0.0,88.65365001499913,16.29492164985186,-59.072154941042776,-72.35872836514748,-147.72580495604194,-75.36707659089485,3.2000000000000033,4.266666666666672,9.823999999999964,8.21600000000005,11.826666666666718,11.642666666666706,9.770666666666434,14.0186666666667,13.7493333333333,13.75200000000006,0.12500049636096386,0.12499966328119724,0.12499927632649363,0.12499965747681202,0.12500031450909221,0.12500048830430152,0.12500003880844562,0.1249995247257446,0.12499947880131977,0.12499991297867416,0.125000307284017,0.12500030274756127,0.12500005252058027,0.12499988675907475,0.12499992646008717
19600,51329239.02105683,102658453.60521339,17.024419906372227,7.412479870250505,0.25989371846630394,205316931.3874345,9.611940036122045,16.764526187905993,-205316914.36301422,7.152586151783913,-205316923.97495228,-205316931.1275417,290359771.2992496,410630529.7188578,1642523304.3450255,1642523112.6760383,141.35753838736807,176.1771105114523,70.07378351641249,1642523304.3450255,-34.8195721240841,71.28375487095404,-1642523162.9874847,106.10332699503775,-1642523128.1679146,-1642523234.2712567,-183.8484117588776,84.49835014892497,-55.112269746527225,-154.67678666067562,-73.45299491240233,0.0,99.5645169141477,18.340725165875046,-55.112269746527225,-81.22379174827326,-154.67678666067562,-73.45299491240233,2.799999999999992,4.666666666666683,9.797333333333308,8.656000000000029,11.413333333333354,11.802666666666708,9.53066666666643,14.912000000000004,12.832000000000019,13.856000000000053,0.12500049304818908,0.12499966844946316,0.12499928648816408,0.1249996583568491,0.12500030599127354,0.1250004763150797,0.12500003812058477,0.12499952910103027,0.12499948300167416,0.12499990746755371,0.12500030031440737,0.12500029975420315,0.1250000553278828,0.12499989224108181,0.12499992321122155
20000,51329241.82255824,102658457.4964142,15.55535767858044,10.593344665305318,-1.9009506257282525,205316943.042481,4.962013013275504,17.456308304308774,-205316927.48712298,12.494295291033259,-205316932.44913617,-205316944.94343147,290359771.31097037,410630528.1052679,1642523307.2104635,1642523106.9080472,133.41538881899334,187.2877896183701,69.72604607738278,1642523307.2104635,-53.872400799376294,63.68934274160903,-1642523173.7950773,117.56174354098452,-1642523119.9226837,-1642523237.4844265,-196.33015733061933,71.75468130721534,-57.8962739314692,-155.3874453867516,-90.39836187902677,0.0,97.49117145528152,32.5020879475576,-57.8962739314692,-64.98908350772469,-155.3874453867516,-90.39836187902677,3.213333333333337,4.253333333333338,9.151999999999989,9.661333333333351,11.053333333333331,11.170666666666664,10.477333333333114,14.711999999999978,12.442666666666687,14.130666666666706,0.1250004936252831,0.12499966291570196,0.12499927543907019,0.12499965708456645,0.12500031015727933,0.12500048710267633,0.12500003507645888,0.12499952732142272,0.12499947509405636,0.12499990906397913,0.1250003011302946,0.12500030135097334,0.12500005311333184,0.124999886281217,0.12499992483464963
20400,51329238.06849215,102658452.95229258,15.613640163598593,7.571051301937279,-2.4300319255806575,205316931.5193086,8.042588861661685,18.043672089179246,-205316915.9056677,10.001083227517595,-205316923.9482561,-205316933.94934025,290359772.5243414,410630532.2264393,1642523310.1060712,1642523116.6773407,134.7994337056944,174.0766287990272,65.02994137464061,1642523310.1060712,-39.277195093331585,69.76949233105243,-1642523175.3066437,109.04668742438238,-1642523136.0294268,-1642523245.0761402,-195.22447726599185,71.38323306444036,-57.893902747003196,-158.50448588678304,-89.89356155062211,0.0,100.61058313977965,31.999658803618992,-57.893902747003196,-68.61092433616147,-158.50448588678304,-89.89356155062211,2.666666666666655,4.80000000000002,9.639999999999985,8.416000000000043,11.810666666666721,11.83466666666671,9.434666666666423,14.87733333333334,12.84533333333335,13.941333333333382,0.12500049325273008,0.12499966608577365,0.12499928646952861,0.1249996573329575,0.12500030592069905,0.12500047773143128,0.1250000342700226,0.12499953030062859,0.12499948007242973,0.12499990949273604,0.1250002979717498,0.12500029840573876,0.12500005528689587,0.12499988744853764,0.1249999263723847
20800,51329240.26303144,102658453.87637924,16.991489007065713,9.658194063439472,2.5727288600414435,205316931.82971355,7.33329494362657,14.418760147024347,-205316914.83822346,7.0854652033977255,-205316922.17151925,-205316929.25698385,290359772.64119154,410630529.7698557,1642523312.9409225,1642523113.7943478,143.45839836926308,181.32565344692054,70.1538502082306,1642523312.9409225,-37.867255077657454,73.30454816103126,-1642523169.4825191,111.17180323868814,-1642523131.615277,-1642523242.7870877,-168.01442109404286,106.24834787607543,-57.06926746089907,-157.28260293335123,-55.032888174047365,0.0,100.21333547245216,-2.0363792868516466,-57.06926746089907,-102.24971475930337,-157.28260293335123,-55.032888174047365,2.933333333333329,4.5333333333333465,8.816000000000008,9.285333333333314,11.765333333333372,11.786666666666706,9.738666666666429,14.711999999999996,12.746666666666691,13.949333333333382,0.12500049105385702,0.12499966910883195,0.1249992870794097,0.12499966053432807,0.12500031328963582,0.1250004777553163,0.12500003920530495,0.12499952488366102,0.12499948686011102,0.12499990761814055,0.12500030567317322,0.1250002963833791,0.1250000539773099,0.12499988838988221,0.12499993052717022
21200,51329238.9947492,102658452.396776,16.807450109051604,8.78527119857069,-0.7970758039883902,205316931.18335,8.022178910481172,17.60452591303998,-205316914.37589929,9.582347002558848,-205316922.3980778,-205316931.98042664,290359773.3967509,410630533.74042666,1642523315.8131485,1642523120.305612,141.71448335158547,174.2095628678253,58.26490088459865,1642523315.8131485,-32.49507951623959,83.4495824669852,-1642523174.0986636,115.94466198322372,-1642523141.6035872,-1642523257.5482552,-171.94713067191415,83.97364929762861,-57.29041927695981,-149.95793287425474,-70.08312558157387,0.0,92.66751359729462,12.792706304614631,-57.29041927695981,-79.87480729268067,-149.95793287425474,-70.08312558157387,2.879999999999994,4.586666666666681,9.728000000000003,9.069333333333343,11.069333333333335,11.978666666666731,9.418666666666429,14.797333333333327,13.325333333333324,13.413333333333412,0.12500049322127627,0.12499966871087027,0.12499928486164291,0.12499965899195736,0.1250003072766284,0.1250004831878479,0.12500004129657952,0.12499953187811583,0.12499948196479276,0.1249999033704317,0.1250002990298108,0.125000299744081,0.1250000621102132,0.12499989219890192,0.12499992539949732
21600,51329237.24652478,102658458.01909742,15.088809294966149,1.3851413288590104,1.3093755193166015,205316931.20277306,13.703667966107403,13.779433775649563,-205316916.11396286,0.07576580954218219,-205316929.81762952,-205316929.8933975,290359774.2455559,410630532.1254973,1642523318.7164352,1642523138.5218346,129.75113100900447,167.27145252523025,78.9081463706294,1642523318.7164352,-37.5203215162252,50.842984638373544,-1642523188.9652967,88.36330615459818,-1642523151.4449887,-1642523239.8082843,-190.4136897960343,101.54174937117824,-58.10239185812321,-172.24412056790698,-73.86854434556227,0.0,114.14172870978234,15.766152487439351,-58.10239185812321,-98.37557622234355,-172.24412056790698,-73.86854434556227,2.546666666666652,4.920000000000024,8.45066666666669,9.442666666666625,11.973333333333382,11.146666666666652,10.194666666666425,14.258666666666688,13.333333333333323,14.000000000000046,0.12500049201571808,0.12499966093556228,0.12499928648525913,0.12499965887948301,0.12500031629487046,0.12500047621363453,0.12500003590236716,0.12499952372783643,0.1249994855033282,0.1249999148364023,0.1250003053823873,0.12500029542377267,0.12500004370466047,0.12499988466280641,0.12499992722347746
22000,51329236.685274,102658450.42092687,15.395320921035477,7.554300210224332,2.6043938120329595,205316921.18708247,7.841020710811431,12.790927109002574,-205316905.7917599,4.949906398191098,-205316913.632779,-205316918.5826875,290359774.9446292,410630536.9311796,1642523321.9864607,1642523123.6215959,131.5468309213521,178.63011748745524,80.362890850819,1642523321.9864607,-47.08328656610337,51.18394007053206,-1642523190.4396288,98.26722663663395,-1642523143.356342,-1642523241.6235735,-171.7371462687233,89.81813675981192,-56.972819650907766,-150.61301168545006,-65.00163855600431,0.0,93.64019203454103,8.028818905096815,-56.972819650907766,-85.61137312944514,-150.61301168545006,-65.00163855600431,2.61333333333332,4.853333333333356,10.085333333333313,8.725333333333346,11.055999999999992,11.354666666666684,9.973333333333082,14.253333333333376,13.389333333333308,13.962666666666713,0.1250004871654028,0.1249996722105635,0.12499929230982827,0.1249996647987399,0.12500030866408712,0.12500047160622801,0.12500003463173504,0.12499952926861431,0.12499949136906688,0.12499991506665493,0.12500030297370807,0.1250002958358748,0.1250000464341861,0.12499989009868223,0.1249999275497238
22400,51329239.908854425,102658456.67150827,15.799296200182571,7.346904385503802,2.907564017451824,205316933.5816536,8.45239181467899,12.891732182730747,-205316917.78235734,4.439340368051693,-205316926.23474675,-205316930.67408887,290359775.073223,410630536.41172254,1642523325.914454,1642523135.5193064,137.7075727015186,174.83821247235622,76.01928193113918,1642523325.914454,-37.130639770837654,61.688290770378096,-1642523188.206881,98.81893054121424,-1642523151.0762315,-1642523249.8951755,-165.7911991588084,95.6152962317696,-57.69358690783039,-150.9506074356917,-58.19766372408808,0.0,93.25702052786033,0.504076816258282,-57.69358690783039,-92.75294371160317,-150.9506074356917,-58.19766372408808,2.879999999999994,4.586666666666681,9.608000000000015,8.930666666666674,11.328000000000015,11.386666666666688,9.94666666666641,14.706666666666667,12.92266666666668,13.970666666666714,0.12500049159919618,0.12499966936990518,0.12499928541900716,0.1249996616739339,0.12500031301384543,0.12500048047213907,0.1250000370418581,0.1249995269926028,0.12499948479239333,0.12499991093055787,0.12500030454486377,0.1250002983188975,0.12500005068546782,0.12499989116544478,0.12499992784206534
22800,51329240.11238802,102658458.87761554,16.66519219220866,4.681967967683602,1.8401233014753786,205316937.2622683,11.98322422452527,14.825068890733293,-205316920.59707493,2.8418446662079013,-205316932.5802994,-205316935.42214498,290359775.62991685,410630536.04688996,1642523329.1686416,1642523136.1180823,138.43957602821192,169.7940466988161,78.73822640072375,1642523329.1686416,-31.354470670604705,59.701349627487126,-1642523190.7290661,91.05582029809024,-1642523159.3746052,-1642523250.4304295,-189.82548301586056,98.92947126964684,-56.740943597394875,-163.86942969147051,-69.48956384410822,0.0,107.12848609407435,12.748620246713424,-56.740943597394875,-94.37986584736163,-163.86942969147051,-69.48956384410822,2.61333333333332,4.853333333333356,8.581333333333344,9.898666666666642,11.386666666666674,11.242666666666675,9.97866666666641,14.573333333333357,13.050666666666674,14.08800000000004,0.1250004929247319,0.12499966371883611,0.12499928467131545,0.12499966090723034,0.12500031412993395,0.12500047759874597,0.12500003271837198,0.12499951994835301,0.12499948305810699,0.12499991274214439,0.12500030571171455,0.12500029475496482,0.125000045269081,0.12499988503713469,0.12499993019362254
23200,51329239.70137497,102658453.98688152,15.857932162734196,9.55793573562865,1.137472834760172,205316932.2521592,6.299996427105655,14.720459327974098,-205316916.3942259,8.420462900868179,-205316922.69422325,-205316931.11468503,290359776.43170035,410630536.8095706,1642523333.1516047,1642523140.295955,135.63105992212803,170.87658092319478,71.67666386468667,1642523333.1516047,-35.24552100106595,63.95439605744007,-1642523197.5205448,99.19991705850461,-1642523162.2750266,-1642523261.4749453,-181.1841019678228,92.74716067450929,-58.73660868402792,-155.9557181552137,-68.06289602890315,0.0,97.2191094711845,9.326287344875645,-58.73660868402792,-87.89282212631018,-155.9557181552137,-68.06289602890315,2.839999999999993,4.626666666666682,9.765333333333318,8.882666666666712,11.218666666666676,12.042666666666728,9.439999999999733,14.376000000000035,13.303999999999975,13.770666666666726,0.12500049021407394,0.12499966894029743,0.12499928685469146,0.12499966006525141,0.12500030863833342,0.125000478001279,0.12500003610401453,0.12499952785928528,0.12499948494163723,0.12499991027629445,0.12500030140238996,0.12500029793003894,0.12500005208799325,0.12499988919399058,0.12499992710822366
23600,51329238.41106424,102658455.18658884,16.093301785323433,5.542237333961672,1.5079486469858603,205316930.50076884,10.551064451361995,14.585353138337666,-205316914.40746674,4.034288686975449,-205316924.95853034,-205316928.99282014,290359777.3975926,410630538.14505106,1642523337.1544807,1642523142.0426884,136.1392038319208,169.32432520077862,90.06334194648805,1642523337.1544807,-33.185121368857175,46.07586188543158,-1642523201.015278,79.26098325428707,-1642523167.8301628,-1642523247.0911462,-190.46143463746427,76.32602114001315,-54.3134181249692,-155.69186966680513,-83.45780165419914,0.0,101.37845154183407,29.14438352923042,-54.3134181249692,-72.23406801260494,-155.69186966680513,-83.45780165419914,2.439999999999987,5.026666666666694,9.52799999999998,9.781333333333349,10.557333333333288,11.00266666666664,10.290666666666414,14.35733333333337,13.485333333333315,13.797333333333391,0.12500048979039438,0.12499966486168772,0.12499928804163728,0.1249996610513006,0.12500030881372529,0.12500047719035465,0.12500003414731561,0.12499952722681677,0.12499948540028816,0.12499991303791219,0.12500030252825525,0.12500029642594476,0.12500004579069937,0.12499988858707659,0.12499992473352478
