,charcount,wordcount,sentencecount,standby,number of standby,roadblock number,chars prodocued,words produced,sentences produced,chars deleted,words deleted,sentences deleted,change in charcount,change in wordcount,change in sentencecount,5rSUMMARY charcount,5rSUMMARY wordcount,5rSUMMARY sentencecount,5rSUMMARY standby,5rSUMMARY number of standby,5rSUMMARY roadblock number,5rSUMMARY words produced,5rSUMMARY sentences produced,5rSUMMARY words deleted,5rSUMMARY sentences deleted,5rSUMMARY change in wordcount,5rSUMMARY change in sentencecount
0,1,870,162,11,False,0,0,0.0,0.0,0.0,0.0,0.0,0.0,0.0,0.0,0.0,162.0,11.0,0.0,0.0,0.0,0.0,0.0,0.0,0.0,0.0,0.0
1,2,870,162,11,True,1,0,0.0,0.0,0.0,0.0,0.0,0.0,0.0,0.0,0.0,162.0,11.0,0.3333333333333333,0.3333333333333333,0.0,0.0,0.0,0.0,0.0,0.0,0.0
2,3,896,168,11,False,1,0,26.0,6.0,0.0,26.0,6.0,0.0,0.0,0.0,0.0,163.5,11.0,0.25,0.5,0.0,6.0,0.0,0.0,0.0,6.0,0.0
3,4,916,169,11,False,1,0,20.0,1.0,0.0,20.0,1.0,0.0,0.0,0.0,0.0,164.6,11.0,0.2,0.6,0.0,7.0,0.0,0.0,0.0,7.0,0.0
4,5,953,174,11,False,1,0,37.0,5.0,0.0,37.0,5.0,0.0,0.0,0.0,0.0,166.16666666666666,11.0,0.1666666666666666,0.6666666666666666,0.0,12.0,0.0,0.0,0.0,12.0,0.0
5,6,953,175,11,False,1,0,0.0,1.0,0.0,0.0,1.0,0.0,0.0,0.0,0.0,167.42857142857142,11.0,0.1428571428571428,0.7142857142857143,0.0,13.0,0.0,0.0,0.0,13.0,0.0
6,7,953,175,11,True,2,0,0.0,0.0,0.0,0.0,0.0,0.0,0.0,0.0,0.0,168.375,11.0,0.25,0.875,0.0,13.0,0.0,0.0,0.0,13.0,0.0
7,8,953,175,11,True,3,0,0.0,0.0,0.0,0.0,0.0,0.0,0.0,0.0,0.0,169.11111111111111,11.0,0.3333333333333333,1.1111111111111112,0.0,13.0,0.0,0.0,0.0,13.0,0.0
8,9,953,175,11,True,4,0,0.0,0.0,0.0,0.0,0.0,0.0,0.0,0.0,0.0,169.7,11.0,0.4,1.4,0.0,13.0,0.0,0.0,0.0,13.0,0.0
9,10,953,175,11,True,5,0,0.0,0.0,0.0,0.0,0.0,0.0,0.0,0.0,0.0,170.1818181818182,11.0,0.4545454545454545,1.7272727272727273,0.0,13.0,0.0,0.0,0.0,13.0,0.0
10,11,953,175,11,True,6,0,0.0,0.0,0.0,0.0,0.0,0.0,0.0,0.0,0.0,170.58333333333334,11.0,0.5,2.083333333333333,0.0,13.0,0.0,0.0,0.0,13.0,0.0
11,12,954,176,11,False,6,0,1.0,1.0,0.0,1.0,1.0,0.0,0.0,0.0,0.0,171.0,11.0,0.4615384615384615,2.3846153846153846,0.0,14.0,0.0,0.0,0.0,14.0,0.0
12,13,976,178,11,False,6,0,22.0,2.0,0.0,22.0,2.0,0.0,0.0,0.0,0.0,171.5,11.0,0.4285714285714285,2.642857142857143,0.0,16.0,0.0,0.0,0.0,16.0,0.0
13,14,997,180,11,False,6,0,21.0,2.0,0.0,21.0,2.0,0.0,0.0,0.0,0.0,172.06666666666666,11.0,0.4,2.8666666666666667,0.0,18.0,0.0,0.0,0.0,18.0,0.0
14,15,1019,183,11,False,6,0,22.0,3.0,0.0,22.0,3.0,0.0,0.0,0.0,0.0,172.75,11.0,0.375,3.0625,0.0,21.0,0.0,0.0,0.0,21.0,0.0
15,16,1041,186,11,False,6,1,22.0,3.0,0.0,22.0,3.0,0.0,0.0,0.0,0.0,173.52941176470588,11.0,0.3529411764705882,3.235294117647059,0.0588235294117647,24.0,0.0,0.0,0.0,24.0,0.0
16,17,1047,186,12,False,6,1,6.0,0.0,1.0,6.0,0.0,1.0,0.0,0.0,0.0,174.22222222222223,11.055555555555555,0.3333333333333333,3.388888888888889,0.1111111111111111,24.0,1.0,0.0,0.0,24.0,1.0
17,18,1061,190,12,False,6,1,14.0,4.0,0.0,14.0,4.0,0.0,0.0,0.0,0.0,175.05263157894737,11.105263157894736,0.3157894736842105,3.526315789473684,0.1578947368421052,28.0,1.0,0.0,0.0,28.0,1.0
18,19,1109,198,12,False,6,1,48.0,8.0,0.0,48.0,8.0,0.0,0.0,0.0,0.0,176.2,11.15,0.3,3.65,0.2,36.0,1.0,0.0,0.0,36.0,1.0
19,20,1108,197,12,False,6,1,-1.0,-1.0,0.0,0.0,0.0,0.0,1.0,1.0,0.0,177.1904761904762,11.19047619047619,0.2857142857142857,3.761904761904762,0.238095238095238,36.0,1.0,1.0,0.0,35.0,1.0
20,21,1121,200,12,False,6,1,13.0,3.0,0.0,13.0,3.0,0.0,0.0,0.0,0.0,178.22727272727272,11.227272727272728,0.2727272727272727,3.863636363636364,0.2727272727272727,39.0,1.0,1.0,0.0,38.0,1.0
21,22,1139,202,12,False,6,1,18.0,2.0,0.0,18.0,2.0,0.0,0.0,0.0,0.0,179.2608695652174,11.26086956521739,0.2608695652173913,3.9565217391304346,0.3043478260869565,41.0,1.0,1.0,0.0,40.0,1.0
22,23,1166,206,12,False,6,1,27.0,4.0,0.0,27.0,4.0,0.0,0.0,0.0,0.0,180.375,11.291666666666666,0.25,4.041666666666667,0.3333333333333333,45.0,1.0,1.0,0.0,44.0,1.0
23,24,1184,208,12,False,6,1,18.0,2.0,0.0,18.0,2.0,0.0,0.0,0.0,0.0,181.48,11.32,0.24,4.12,0.36,47.0,1.0,1.0,0.0,46.0,1.0
24,25,1213,211,12,False,6,1,29.0,3.0,0.0,29.0,3.0,0.0,0.0,0.0,0.0,182.6153846153846,11.346153846153848,0.2307692307692307,4.1923076923076925,0.3846153846153846,50.0,1.0,1.0,0.0,49.0,1.0
25,26,1236,214,13,False,6,1,23.0,3.0,1.0,23.0,3.0,1.0,0.0,0.0,0.0,183.77777777777777,11.407407407407408,0.2222222222222222,4.25925925925926,0.4074074074074074,53.0,2.0,1.0,0.0,52.0,2.0
26,27,1253,218,13,False,6,1,17.0,4.0,0.0,17.0,4.0,0.0,0.0,0.0,0.0,185.0,11.464285714285714,0.2142857142857142,4.321428571428571,0.4285714285714285,57.0,2.0,1.0,0.0,56.0,2.0
27,28,1280,222,13,False,6,1,27.0,4.0,0.0,27.0,4.0,0.0,0.0,0.0,0.0,186.27586206896552,11.517241379310343,0.2068965517241379,4.379310344827586,0.4482758620689655,61.0,2.0,1.0,0.0,60.0,2.0
28,29,1309,227,13,False,6,1,29.0,5.0,0.0,29.0,5.0,0.0,0.0,0.0,0.0,187.63333333333333,11.566666666666666,0.2,4.433333333333334,0.4666666666666667,66.0,2.0,1.0,0.0,65.0,2.0
29,30,1323,230,13,False,6,1,14.0,3.0,0.0,14.0,3.0,0.0,0.0,0.0,0.0,189.0,11.612903225806452,0.1935483870967742,4.483870967741935,0.4838709677419355,69.0,2.0,1.0,0.0,68.0,2.0
30,31,1349,234,13,False,6,1,26.0,4.0,0.0,26.0,4.0,0.0,0.0,0.0,0.0,190.40625,11.65625,0.1875,4.53125,0.5,73.0,2.0,1.0,0.0,72.0,2.0
31,32,1374,237,13,False,6,1,25.0,3.0,0.0,25.0,3.0,0.0,0.0,0.0,0.0,191.8181818181818,11.696969696969695,0.1818181818181818,4.575757575757576,0.5151515151515151,76.0,2.0,1.0,0.0,75.0,2.0
32,33,1407,244,14,False,6,2,33.0,7.0,1.0,33.0,7.0,1.0,0.0,0.0,0.0,193.35294117647055,11.764705882352942,0.1764705882352941,4.617647058823529,0.5588235294117647,83.0,3.0,1.0,0.0,82.0,3.0
33,34,1410,244,14,False,6,2,3.0,0.0,0.0,3.0,0.0,0.0,0.0,0.0,0.0,194.8,11.82857142857143,0.1714285714285714,4.6571428571428575,0.6,83.0,3.0,1.0,0.0,82.0,3.0
34,35,1410,244,14,False,6,2,0.0,0.0,0.0,0.0,0.0,0.0,0.0,0.0,0.0,196.16666666666663,11.88888888888889,0.1666666666666666,4.694444444444445,0.6388888888888888,83.0,3.0,1.0,0.0,82.0,3.0
35,36,1410,244,14,True,7,2,0.0,0.0,0.0,0.0,0.0,0.0,0.0,0.0,0.0,197.45945945945945,11.945945945945946,0.1891891891891892,4.756756756756757,0.6756756756756757,83.0,3.0,1.0,0.0,82.0,3.0
36,37,1410,244,14,True,8,2,0.0,0.0,0.0,0.0,0.0,0.0,0.0,0.0,0.0,198.68421052631575,12.0,0.2105263157894736,4.842105263157895,0.7105263157894737,83.0,3.0,1.0,0.0,82.0,3.0
37,38,1410,244,14,True,9,2,0.0,0.0,0.0,0.0,0.0,0.0,0.0,0.0,0.0,199.84615384615384,12.051282051282053,0.2307692307692307,4.948717948717949,0.7435897435897436,83.0,3.0,1.0,0.0,82.0,3.0
38,39,1410,244,14,True,10,2,0.0,0.0,0.0,0.0,0.0,0.0,0.0,0.0,0.0,200.95,12.1,0.25,5.075,0.775,83.0,3.0,1.0,0.0,82.0,3.0
39,40,1410,244,14,True,11,2,0.0,0.0,0.0,0.0,0.0,0.0,0.0,0.0,0.0,202.0,12.146341463414634,0.2682926829268293,5.219512195121951,0.8048780487804879,83.0,3.0,1.0,0.0,82.0,3.0
40,41,1410,244,14,True,12,2,0.0,0.0,0.0,0.0,0.0,0.0,0.0,0.0,0.0,203.0,12.19047619047619,0.2857142857142857,5.380952380952381,0.8333333333333334,83.0,3.0,1.0,0.0,82.0,3.0
41,42,1410,244,14,True,13,2,0.0,0.0,0.0,0.0,0.0,0.0,0.0,0.0,0.0,203.95348837209303,12.232558139534884,0.3023255813953488,5.558139534883721,0.8604651162790697,83.0,3.0,1.0,0.0,82.0,3.0
42,43,1410,244,14,True,14,2,0.0,0.0,0.0,0.0,0.0,0.0,0.0,0.0,0.0,204.8636363636364,12.272727272727272,0.3181818181818182,5.75,0.8863636363636364,83.0,3.0,1.0,0.0,82.0,3.0
43,44,1410,244,14,True,15,2,0.0,0.0,0.0,0.0,0.0,0.0,0.0,0.0,0.0,205.7333333333333,12.311111111111112,0.3333333333333333,5.955555555555556,0.9111111111111112,83.0,3.0,1.0,0.0,82.0,3.0
44,45,1422,245,14,False,15,2,12.0,1.0,0.0,12.0,1.0,0.0,0.0,0.0,0.0,206.58695652173915,12.347826086956522,0.3260869565217391,6.152173913043479,0.9347826086956522,84.0,3.0,1.0,0.0,83.0,3.0
45,46,1430,247,14,False,15,2,8.0,2.0,0.0,8.0,2.0,0.0,0.0,0.0,0.0,207.4468085106383,12.382978723404255,0.3191489361702128,6.340425531914893,0.9574468085106383,86.0,3.0,1.0,0.0,85.0,3.0
46,47,1433,248,14,False,15,2,3.0,1.0,0.0,3.0,1.0,0.0,0.0,0.0,0.0,208.29166666666663,12.416666666666666,0.3125,6.520833333333333,0.9791666666666666,87.0,3.0,1.0,0.0,86.0,3.0
47,48,1440,247,14,False,15,2,7.0,-1.0,0.0,7.0,0.0,0.0,0.0,1.0,0.0,209.08163265306123,12.448979591836734,0.3061224489795918,6.6938775510204085,1.0,87.0,3.0,2.0,0.0,85.0,3.0
48,49,1454,248,14,False,15,2,14.0,1.0,0.0,14.0,1.0,0.0,0.0,0.0,0.0,209.86,12.48,0.3,6.86,1.02,88.0,3.0,2.0,0.0,86.0,3.0
49,50,1462,250,14,False,15,3,8.0,2.0,0.0,8.0,2.0,0.0,0.0,0.0,0.0,210.64705882352945,12.509803921568627,0.2941176470588235,7.019607843137255,1.0588235294117647,90.0,3.0,2.0,0.0,88.0,3.0
50,51,1468,250,14,False,15,3,6.0,0.0,0.0,6.0,0.0,0.0,0.0,0.0,0.0,211.40384615384616,12.538461538461538,0.2884615384615384,7.173076923076923,1.0961538461538465,90.0,3.0,2.0,0.0,88.0,3.0
51,52,1468,250,14,False,15,3,0.0,0.0,0.0,0.0,0.0,0.0,0.0,0.0,0.0,212.1320754716981,12.566037735849056,0.2830188679245283,7.320754716981132,1.1320754716981132,90.0,3.0,2.0,0.0,88.0,3.0
52,53,1472,251,14,False,15,3,4.0,1.0,0.0,4.0,1.0,0.0,0.0,0.0,0.0,212.85185185185185,12.592592592592592,0.2777777777777778,7.462962962962963,1.1666666666666667,91.0,3.0,2.0,0.0,89.0,3.0
53,54,1472,251,14,False,15,3,0.0,0.0,0.0,0.0,0.0,0.0,0.0,0.0,0.0,213.54545454545453,12.61818181818182,0.2727272727272727,7.6,1.2,91.0,3.0,2.0,0.0,89.0,3.0
54,55,1472,251,14,True,16,3,0.0,0.0,0.0,0.0,0.0,0.0,0.0,0.0,0.0,214.2142857142857,12.642857142857142,0.2857142857142857,7.75,1.2321428571428572,91.0,3.0,2.0,0.0,89.0,3.0
55,56,1472,251,14,True,17,3,0.0,0.0,0.0,0.0,0.0,0.0,0.0,0.0,0.0,214.859649122807,12.666666666666666,0.2982456140350877,7.912280701754386,1.263157894736842,91.0,3.0,2.0,0.0,89.0,3.0
56,57,1472,251,14,True,18,3,0.0,0.0,0.0,0.0,0.0,0.0,0.0,0.0,0.0,215.48275862068965,12.689655172413794,0.3103448275862069,8.086206896551724,1.293103448275862,91.0,3.0,2.0,0.0,89.0,3.0
57,58,1471,251,14,False,18,3,-1.0,0.0,0.0,0.0,0.0,0.0,1.0,0.0,0.0,216.08474576271183,12.71186440677966,0.3050847457627119,8.254237288135593,1.3220338983050848,91.0,3.0,2.0,0.0,89.0,3.0
58,59,1500,257,14,False,18,3,29.0,6.0,0.0,29.0,6.0,0.0,0.0,0.0,0.0,216.76666666666668,12.733333333333333,0.3,8.416666666666666,1.35,97.0,3.0,2.0,0.0,95.0,3.0
59,60,1524,261,14,False,18,3,24.0,4.0,0.0,24.0,4.0,0.0,0.0,0.0,0.0,218.41666666666663,12.783333333333331,0.3,8.716666666666667,1.4,101.0,3.0,2.0,0.0,99.0,3.0
60,61,1524,261,14,False,18,3,0.0,0.0,0.0,0.0,0.0,0.0,0.0,0.0,0.0,220.06666666666663,12.833333333333334,0.3,9.016666666666667,1.45,101.0,3.0,2.0,0.0,99.0,3.0
61,62,1541,261,14,False,18,3,17.0,0.0,0.0,17.0,0.0,0.0,0.0,0.0,0.0,221.71666666666667,12.883333333333333,0.2833333333333333,9.3,1.5,101.0,3.0,2.0,0.0,99.0,3.0
62,63,1559,264,14,False,18,3,18.0,3.0,0.0,18.0,3.0,0.0,0.0,0.0,0.0,223.31666666666663,12.933333333333334,0.2833333333333333,9.583333333333334,1.55,98.0,3.0,2.0,0.0,96.0,3.0
63,64,1559,264,14,False,18,3,0.0,0.0,0.0,0.0,0.0,0.0,0.0,0.0,0.0,224.9,12.983333333333333,0.2833333333333333,9.866666666666667,1.6,97.0,3.0,2.0,0.0,95.0,3.0
64,65,1570,267,14,False,18,3,11.0,3.0,0.0,11.0,3.0,0.0,0.0,0.0,0.0,226.45,13.033333333333331,0.2833333333333333,10.15,1.65,95.0,3.0,2.0,0.0,93.0,3.0
65,66,1577,267,14,False,18,3,7.0,0.0,0.0,7.0,0.0,0.0,0.0,0.0,0.0,227.9833333333333,13.083333333333334,0.2833333333333333,10.433333333333334,1.7,94.0,3.0,2.0,0.0,92.0,3.0
66,67,1577,267,14,False,18,4,0.0,0.0,0.0,0.0,0.0,0.0,0.0,0.0,0.0,229.51666666666668,13.133333333333333,0.2666666666666666,10.7,1.7666666666666666,94.0,3.0,2.0,0.0,92.0,3.0
67,68,1577,267,14,True,19,4,0.0,0.0,0.0,0.0,0.0,0.0,0.0,0.0,0.0,231.05,13.183333333333334,0.2666666666666666,10.966666666666669,1.8333333333333333,94.0,3.0,2.0,0.0,92.0,3.0
68,69,1587,267,14,False,19,4,10.0,0.0,0.0,10.0,0.0,0.0,0.0,0.0,0.0,232.58333333333331,13.233333333333333,0.25,11.216666666666669,1.9,94.0,3.0,2.0,0.0,92.0,3.0
69,70,1615,271,14,False,19,4,28.0,4.0,0.0,28.0,4.0,0.0,0.0,0.0,0.0,234.1833333333333,13.283333333333331,0.2333333333333333,11.45,1.9666666666666663,98.0,3.0,2.0,0.0,96.0,3.0
70,71,1619,273,14,False,19,4,4.0,2.0,0.0,4.0,2.0,0.0,0.0,0.0,0.0,235.81666666666663,13.333333333333334,0.2166666666666666,11.666666666666666,2.033333333333333,100.0,3.0,2.0,0.0,98.0,3.0
71,72,1619,273,14,False,19,4,0.0,0.0,0.0,0.0,0.0,0.0,0.0,0.0,0.0,237.4333333333333,13.383333333333333,0.2166666666666666,11.883333333333333,2.1,99.0,3.0,2.0,0.0,97.0,3.0
72,73,1591,267,14,False,19,4,-28.0,-6.0,0.0,0.0,0.0,0.0,28.0,6.0,0.0,238.91666666666663,13.433333333333334,0.2166666666666666,12.1,2.1666666666666665,97.0,3.0,8.0,0.0,89.0,3.0
73,74,1586,266,14,False,19,4,-5.0,-1.0,0.0,0.0,0.0,0.0,5.0,1.0,0.0,240.35,13.483333333333333,0.2166666666666666,12.316666666666666,2.2333333333333334,95.0,3.0,9.0,0.0,86.0,3.0
74,75,1601,269,14,False,19,4,15.0,3.0,0.0,15.0,3.0,0.0,0.0,0.0,0.0,241.78333333333333,13.533333333333331,0.2166666666666666,12.533333333333331,2.3,95.0,3.0,9.0,0.0,86.0,3.0
75,76,1626,273,15,False,19,4,25.0,4.0,1.0,25.0,4.0,1.0,0.0,0.0,0.0,243.2333333333333,13.6,0.2166666666666666,12.75,2.35,96.0,4.0,9.0,0.0,87.0,4.0
76,77,1642,276,15,False,19,4,16.0,3.0,0.0,16.0,3.0,0.0,0.0,0.0,0.0,244.7333333333333,13.65,0.2166666666666666,12.966666666666669,2.4,99.0,3.0,9.0,0.0,90.0,3.0
77,78,1642,276,15,False,19,4,0.0,0.0,0.0,0.0,0.0,0.0,0.0,0.0,0.0,246.16666666666663,13.7,0.2166666666666666,13.183333333333334,2.45,95.0,3.0,9.0,0.0,86.0,3.0
78,79,1642,276,15,True,20,4,0.0,0.0,0.0,0.0,0.0,0.0,0.0,0.0,0.0,247.46666666666667,13.75,0.2333333333333333,13.416666666666666,2.5,87.0,3.0,9.0,0.0,78.0,3.0
79,80,1660,278,15,False,20,4,18.0,2.0,0.0,18.0,2.0,0.0,0.0,0.0,0.0,248.81666666666663,13.8,0.2333333333333333,13.65,2.55,89.0,3.0,8.0,0.0,81.0,3.0
80,81,1660,278,15,False,20,4,0.0,0.0,0.0,0.0,0.0,0.0,0.0,0.0,0.0,250.11666666666667,13.85,0.2333333333333333,13.883333333333333,2.6,86.0,3.0,8.0,0.0,78.0,3.0
81,82,1661,278,15,False,20,5,1.0,0.0,0.0,1.0,0.0,0.0,0.0,0.0,0.0,251.38333333333333,13.9,0.2333333333333333,14.116666666666667,2.6666666666666665,84.0,3.0,8.0,0.0,76.0,3.0
82,83,1631,273,15,False,20,5,-30.0,-5.0,0.0,0.0,0.0,0.0,30.0,5.0,0.0,252.5,13.95,0.2333333333333333,14.35,2.7333333333333334,80.0,3.0,13.0,0.0,67.0,3.0
83,84,1631,273,15,False,20,6,0.0,0.0,0.0,0.0,0.0,0.0,0.0,0.0,0.0,253.58333333333331,14.0,0.2333333333333333,14.583333333333334,2.816666666666667,78.0,3.0,13.0,0.0,65.0,3.0
84,85,1623,271,15,False,20,6,-8.0,-2.0,0.0,0.0,0.0,0.0,8.0,2.0,0.0,254.58333333333331,14.05,0.2333333333333333,14.816666666666666,2.9,75.0,3.0,15.0,0.0,60.0,3.0
85,86,1640,273,15,False,20,6,17.0,2.0,0.0,17.0,2.0,0.0,0.0,0.0,0.0,255.56666666666663,14.083333333333334,0.2333333333333333,15.05,2.9833333333333334,74.0,2.0,15.0,0.0,59.0,2.0
86,87,1663,279,15,False,20,6,23.0,6.0,0.0,23.0,6.0,0.0,0.0,0.0,0.0,256.5833333333333,14.116666666666667,0.2333333333333333,15.283333333333331,3.066666666666667,76.0,2.0,15.0,0.0,61.0,2.0
87,88,1684,282,15,False,20,6,21.0,3.0,0.0,21.0,3.0,0.0,0.0,0.0,0.0,257.5833333333333,14.15,0.2333333333333333,15.516666666666667,3.15,75.0,2.0,15.0,0.0,60.0,2.0
88,89,1697,282,16,False,20,6,13.0,0.0,1.0,13.0,0.0,1.0,0.0,0.0,0.0,258.5,14.2,0.2333333333333333,15.75,3.2333333333333334,70.0,3.0,15.0,0.0,55.0,3.0
89,90,1697,282,16,False,20,6,0.0,0.0,0.0,0.0,0.0,0.0,0.0,0.0,0.0,259.3666666666667,14.25,0.2333333333333333,15.983333333333333,3.316666666666667,67.0,3.0,15.0,0.0,52.0,3.0
90,91,1697,282,16,True,21,6,0.0,0.0,0.0,0.0,0.0,0.0,0.0,0.0,0.0,260.1666666666667,14.3,0.25,16.233333333333334,3.4,63.0,3.0,15.0,0.0,48.0,3.0
91,92,1703,282,16,False,21,6,6.0,0.0,0.0,6.0,0.0,0.0,0.0,0.0,0.0,260.9166666666667,14.35,0.25,16.483333333333334,3.4833333333333334,60.0,3.0,15.0,0.0,45.0,3.0
92,93,1703,282,16,False,21,6,0.0,0.0,0.0,0.0,0.0,0.0,0.0,0.0,0.0,261.55,14.383333333333333,0.25,16.733333333333334,3.55,53.0,2.0,15.0,0.0,38.0,2.0
93,94,1703,282,16,True,22,6,0.0,0.0,0.0,0.0,0.0,0.0,0.0,0.0,0.0,262.18333333333334,14.416666666666666,0.2666666666666666,17.0,3.6166666666666663,53.0,2.0,15.0,0.0,38.0,2.0
94,95,1703,280,16,True,23,6,0.0,-2.0,0.0,0.0,0.0,0.0,0.0,2.0,0.0,262.78333333333336,14.45,0.2833333333333333,17.283333333333335,3.683333333333333,53.0,2.0,17.0,0.0,36.0,2.0
95,96,1706,282,16,False,23,6,3.0,2.0,0.0,3.0,2.0,0.0,0.0,0.0,0.0,263.4166666666667,14.483333333333333,0.2666666666666666,17.55,3.75,55.0,2.0,17.0,0.0,38.0,2.0
96,97,1706,282,16,False,23,6,0.0,0.0,0.0,0.0,0.0,0.0,0.0,0.0,0.0,264.05,14.516666666666667,0.25,17.8,3.816666666666667,55.0,2.0,17.0,0.0,38.0,2.0
97,98,1707,281,16,False,23,6,1.0,-1.0,0.0,1.0,0.0,0.0,0.0,1.0,0.0,264.6666666666667,14.55,0.2333333333333333,18.03333333333333,3.883333333333333,55.0,2.0,18.0,0.0,37.0,2.0
98,99,1706,282,16,False,23,6,-1.0,1.0,0.0,0.0,1.0,0.0,1.0,0.0,0.0,265.3,14.583333333333334,0.2166666666666666,18.25,3.95,56.0,2.0,18.0,0.0,38.0,2.0
99,100,1710,282,16,False,23,6,4.0,0.0,0.0,4.0,0.0,0.0,0.0,0.0,0.0,265.93333333333334,14.616666666666667,0.2,18.45,4.016666666666667,56.0,2.0,18.0,0.0,38.0,2.0
100,101,1710,282,16,False,23,7,0.0,0.0,0.0,0.0,0.0,0.0,0.0,0.0,0.0,266.56666666666666,14.65,0.1833333333333333,18.633333333333333,4.1,56.0,2.0,18.0,0.0,38.0,2.0
101,102,1710,282,16,True,24,7,0.0,0.0,0.0,0.0,0.0,0.0,0.0,0.0,0.0,267.2,14.683333333333334,0.1833333333333333,18.816666666666663,4.183333333333334,56.0,2.0,18.0,0.0,38.0,2.0
102,103,1710,282,16,True,25,7,0.0,0.0,0.0,0.0,0.0,0.0,0.0,0.0,0.0,267.8333333333333,14.716666666666669,0.1833333333333333,19.0,4.266666666666667,56.0,2.0,18.0,0.0,38.0,2.0
103,104,1731,287,16,False,25,7,21.0,5.0,0.0,21.0,5.0,0.0,0.0,0.0,0.0,268.55,14.75,0.1666666666666666,19.166666666666668,4.35,61.0,2.0,18.0,0.0,43.0,2.0
104,105,1739,287,16,False,25,7,8.0,0.0,0.0,8.0,0.0,0.0,0.0,0.0,0.0,269.25,14.783333333333331,0.1666666666666666,19.33333333333333,4.433333333333334,60.0,2.0,18.0,0.0,42.0,2.0
105,106,1739,287,16,False,25,7,0.0,0.0,0.0,0.0,0.0,0.0,0.0,0.0,0.0,269.9166666666667,14.816666666666666,0.1666666666666666,19.5,4.516666666666667,58.0,2.0,18.0,0.0,40.0,2.0
106,107,1738,287,16,False,25,7,-1.0,0.0,0.0,0.0,0.0,0.0,1.0,0.0,0.0,270.56666666666666,14.85,0.1666666666666666,19.666666666666668,4.6,57.0,2.0,18.0,0.0,39.0,2.0
107,108,1752,289,16,False,25,7,14.0,2.0,0.0,14.0,2.0,0.0,0.0,0.0,0.0,271.26666666666665,14.883333333333333,0.1666666666666666,19.83333333333333,4.683333333333334,59.0,2.0,17.0,0.0,42.0,2.0
108,109,1762,289,16,False,25,7,10.0,0.0,0.0,10.0,0.0,0.0,0.0,0.0,0.0,271.95,14.916666666666666,0.1666666666666666,20.0,4.766666666666667,58.0,2.0,17.0,0.0,41.0,2.0
109,110,1762,289,16,False,25,7,0.0,0.0,0.0,0.0,0.0,0.0,0.0,0.0,0.0,272.6,14.95,0.1666666666666666,20.166666666666668,4.833333333333333,56.0,2.0,17.0,0.0,39.0,2.0
110,111,1762,289,16,True,26,7,0.0,0.0,0.0,0.0,0.0,0.0,0.0,0.0,0.0,273.25,14.983333333333333,0.1833333333333333,20.35,4.9,56.0,2.0,17.0,0.0,39.0,2.0
111,112,1781,292,17,False,26,7,19.0,3.0,1.0,19.0,3.0,1.0,0.0,0.0,0.0,273.95,15.033333333333331,0.1833333333333333,20.53333333333333,4.966666666666667,59.0,3.0,17.0,0.0,42.0,3.0
112,113,1807,297,17,False,26,7,26.0,5.0,0.0,26.0,5.0,0.0,0.0,0.0,0.0,274.71666666666664,15.083333333333334,0.1833333333333333,20.716666666666665,5.033333333333333,63.0,3.0,17.0,0.0,46.0,3.0
113,114,1829,300,17,False,26,7,22.0,3.0,0.0,22.0,3.0,0.0,0.0,0.0,0.0,275.53333333333336,15.133333333333333,0.1833333333333333,20.9,5.1,66.0,3.0,17.0,0.0,49.0,3.0
114,115,1871,309,18,False,26,7,42.0,9.0,1.0,42.0,9.0,1.0,0.0,0.0,0.0,276.5,15.2,0.1666666666666666,21.066666666666663,5.166666666666667,75.0,4.0,17.0,0.0,58.0,4.0
115,116,1871,309,18,False,26,7,0.0,0.0,0.0,0.0,0.0,0.0,0.0,0.0,0.0,277.46666666666664,15.266666666666667,0.15,21.216666666666665,5.233333333333333,75.0,4.0,17.0,0.0,58.0,4.0
116,117,1871,309,18,True,27,7,0.0,0.0,0.0,0.0,0.0,0.0,0.0,0.0,0.0,278.43333333333334,15.333333333333334,0.15,21.366666666666667,5.3,75.0,4.0,17.0,0.0,58.0,4.0
117,118,1871,309,18,True,28,8,0.0,0.0,0.0,0.0,0.0,0.0,0.0,0.0,0.0,279.4,15.4,0.1666666666666666,21.53333333333333,5.383333333333334,75.0,4.0,17.0,0.0,58.0,4.0
118,119,1871,309,18,True,29,8,0.0,0.0,0.0,0.0,0.0,0.0,0.0,0.0,0.0,280.26666666666665,15.466666666666669,0.1833333333333333,21.716666666666665,5.466666666666667,69.0,4.0,17.0,0.0,52.0,4.0
119,120,1871,309,18,True,30,9,0.0,0.0,0.0,0.0,0.0,0.0,0.0,0.0,0.0,281.06666666666666,15.533333333333331,0.2,21.916666666666668,5.566666666666666,65.0,4.0,17.0,0.0,48.0,4.0
120,121,1871,309,18,True,31,9,0.0,0.0,0.0,0.0,0.0,0.0,0.0,0.0,0.0,281.8666666666667,15.6,0.2166666666666666,22.133333333333333,5.666666666666667,65.0,4.0,17.0,0.0,48.0,4.0
121,122,1844,304,17,False,31,9,-27.0,-5.0,-1.0,0.0,0.0,0.0,27.0,5.0,1.0,282.5833333333333,15.65,0.2166666666666666,22.35,5.766666666666667,65.0,4.0,22.0,1.0,43.0,3.0
122,123,1863,306,18,False,31,9,19.0,2.0,1.0,19.0,2.0,1.0,0.0,0.0,0.0,283.28333333333336,15.716666666666669,0.2166666666666666,22.566666666666663,5.866666666666666,64.0,5.0,22.0,1.0,42.0,4.0
123,124,1879,309,18,False,31,9,16.0,3.0,0.0,16.0,3.0,0.0,0.0,0.0,0.0,284.03333333333336,15.783333333333331,0.2166666666666666,22.78333333333333,5.966666666666667,67.0,5.0,22.0,1.0,45.0,4.0
124,125,1912,314,18,False,31,9,33.0,5.0,0.0,33.0,5.0,0.0,0.0,0.0,0.0,284.81666666666666,15.85,0.2166666666666666,23.0,6.066666666666666,69.0,5.0,22.0,1.0,47.0,4.0
125,126,1941,318,18,False,31,9,29.0,4.0,0.0,29.0,4.0,0.0,0.0,0.0,0.0,285.6666666666667,15.916666666666666,0.2166666666666666,23.216666666666665,6.166666666666667,73.0,5.0,22.0,1.0,51.0,4.0
126,127,1970,325,18,False,31,9,29.0,7.0,0.0,29.0,7.0,0.0,0.0,0.0,0.0,286.6333333333333,15.983333333333333,0.2166666666666666,23.433333333333334,6.25,80.0,5.0,22.0,1.0,58.0,4.0
127,128,1990,328,18,False,31,9,20.0,3.0,0.0,20.0,3.0,0.0,0.0,0.0,0.0,287.65,16.05,0.2,23.633333333333333,6.333333333333333,83.0,5.0,22.0,1.0,61.0,4.0
128,129,2015,332,18,False,31,9,25.0,4.0,0.0,25.0,4.0,0.0,0.0,0.0,0.0,288.7333333333333,16.116666666666667,0.2,23.83333333333333,6.416666666666667,87.0,5.0,22.0,1.0,65.0,4.0
129,130,2033,336,19,False,31,9,18.0,4.0,1.0,18.0,4.0,1.0,0.0,0.0,0.0,289.81666666666666,16.2,0.2,24.03333333333333,6.5,87.0,6.0,22.0,1.0,65.0,5.0
130,131,2053,340,19,False,31,9,20.0,4.0,0.0,20.0,4.0,0.0,0.0,0.0,0.0,290.93333333333334,16.283333333333335,0.2,24.23333333333333,6.583333333333333,89.0,6.0,22.0,1.0,67.0,5.0
131,132,2086,344,19,False,31,9,33.0,4.0,0.0,33.0,4.0,0.0,0.0,0.0,0.0,292.1166666666667,16.366666666666667,0.2,24.433333333333334,6.666666666666667,93.0,6.0,22.0,1.0,71.0,5.0
132,133,2116,348,19,False,31,9,30.0,4.0,0.0,30.0,4.0,0.0,0.0,0.0,0.0,293.46666666666664,16.45,0.2,24.633333333333333,6.75,97.0,6.0,16.0,1.0,81.0,5.0
133,134,2134,349,20,False,31,9,18.0,1.0,1.0,18.0,1.0,1.0,0.0,0.0,0.0,294.85,16.55,0.2,24.83333333333333,6.833333333333333,98.0,7.0,15.0,1.0,83.0,6.0
134,135,2147,351,20,False,31,9,13.0,2.0,0.0,13.0,2.0,0.0,0.0,0.0,0.0,296.21666666666664,16.65,0.2,25.03333333333333,6.916666666666667,97.0,7.0,15.0,1.0,82.0,6.0
135,136,2147,351,20,False,31,9,0.0,0.0,0.0,0.0,0.0,0.0,0.0,0.0,0.0,297.51666666666665,16.733333333333334,0.2,25.23333333333333,7.0,93.0,6.0,15.0,1.0,78.0,5.0
136,137,2184,360,20,False,31,9,37.0,9.0,0.0,37.0,9.0,0.0,0.0,0.0,0.0,298.9166666666667,16.816666666666666,0.2,25.433333333333334,7.083333333333333,99.0,6.0,15.0,1.0,84.0,5.0
137,138,2184,360,20,False,31,9,0.0,0.0,0.0,0.0,0.0,0.0,0.0,0.0,0.0,300.31666666666666,16.9,0.2,25.633333333333333,7.166666666666667,99.0,6.0,15.0,1.0,84.0,5.0
138,139,2184,360,20,True,32,9,0.0,0.0,0.0,0.0,0.0,0.0,0.0,0.0,0.0,301.71666666666664,16.983333333333334,0.2,25.83333333333333,7.25,99.0,6.0,15.0,1.0,84.0,5.0
139,140,2205,363,20,False,32,9,21.0,3.0,0.0,21.0,3.0,0.0,0.0,0.0,0.0,303.1333333333333,17.066666666666666,0.2,26.03333333333333,7.333333333333333,100.0,6.0,15.0,1.0,85.0,5.0
140,141,2214,364,20,False,32,9,9.0,1.0,0.0,9.0,1.0,0.0,0.0,0.0,0.0,304.56666666666666,17.15,0.2,26.23333333333333,7.416666666666667,101.0,6.0,15.0,1.0,86.0,5.0
141,142,2217,366,20,False,32,9,3.0,2.0,0.0,3.0,2.0,0.0,0.0,0.0,0.0,306.03333333333336,17.233333333333334,0.2,26.433333333333334,7.483333333333333,103.0,6.0,15.0,1.0,88.0,5.0
142,143,2247,371,20,False,32,9,30.0,5.0,0.0,30.0,5.0,0.0,0.0,0.0,0.0,307.6666666666667,17.316666666666666,0.2,26.633333333333333,7.55,108.0,6.0,10.0,1.0,98.0,5.0
143,144,2283,376,21,False,32,9,36.0,5.0,1.0,36.0,5.0,1.0,0.0,0.0,0.0,309.3833333333333,17.416666666666668,0.2,26.83333333333333,7.6,113.0,7.0,10.0,1.0,103.0,6.0
144,145,2283,376,21,False,32,9,0.0,0.0,0.0,0.0,0.0,0.0,0.0,0.0,0.0,311.1333333333333,17.516666666666666,0.2,27.03333333333333,7.65,113.0,7.0,8.0,1.0,105.0,6.0
145,146,2283,376,21,True,33,9,0.0,0.0,0.0,0.0,0.0,0.0,0.0,0.0,0.0,312.85,17.616666666666667,0.2166666666666666,27.25,7.7,111.0,7.0,8.0,1.0,103.0,6.0
146,147,2283,376,21,True,34,9,0.0,0.0,0.0,0.0,0.0,0.0,0.0,0.0,0.0,314.46666666666664,17.716666666666665,0.2333333333333333,27.48333333333333,7.75,105.0,7.0,8.0,1.0,97.0,6.0
147,148,2283,376,21,True,35,9,0.0,0.0,0.0,0.0,0.0,0.0,0.0,0.0,0.0,316.03333333333336,17.816666666666666,0.25,27.73333333333333,7.8,102.0,7.0,8.0,1.0,94.0,6.0
148,149,2283,376,21,True,36,9,0.0,0.0,0.0,0.0,0.0,0.0,0.0,0.0,0.0,317.6,17.9,0.2666666666666666,28.0,7.85,102.0,6.0,8.0,1.0,94.0,5.0
149,150,2283,376,21,True,37,9,0.0,0.0,0.0,0.0,0.0,0.0,0.0,0.0,0.0,319.1666666666667,17.983333333333334,0.2833333333333333,28.28333333333333,7.9,102.0,6.0,8.0,1.0,94.0,5.0
150,151,2303,378,21,False,37,9,20.0,2.0,0.0,20.0,2.0,0.0,0.0,0.0,0.0,320.76666666666665,18.066666666666663,0.2666666666666666,28.55,7.95,104.0,6.0,8.0,1.0,96.0,5.0
151,152,2320,383,21,False,37,9,17.0,5.0,0.0,17.0,5.0,0.0,0.0,0.0,0.0,322.45,18.15,0.2666666666666666,28.816666666666663,8.0,109.0,6.0,8.0,1.0,101.0,5.0
152,153,2320,383,21,False,37,9,0.0,0.0,0.0,0.0,0.0,0.0,0.0,0.0,0.0,324.1333333333333,18.23333333333333,0.2666666666666666,29.08333333333333,8.05,109.0,6.0,8.0,1.0,101.0,5.0
153,154,2328,385,21,False,37,10,8.0,2.0,0.0,8.0,2.0,0.0,0.0,0.0,0.0,325.85,18.316666666666663,0.25,29.33333333333333,8.116666666666667,111.0,6.0,8.0,1.0,103.0,5.0
154,155,2355,392,21,False,37,10,27.0,7.0,0.0,27.0,7.0,0.0,0.0,0.0,0.0,327.71666666666664,18.4,0.2333333333333333,29.566666666666663,8.183333333333334,118.0,6.0,6.0,1.0,112.0,5.0
155,156,2377,396,21,False,37,11,22.0,4.0,0.0,22.0,4.0,0.0,0.0,0.0,0.0,329.6166666666667,18.48333333333333,0.2333333333333333,29.8,8.266666666666667,120.0,6.0,6.0,1.0,114.0,5.0
156,157,2402,400,21,False,37,11,25.0,4.0,0.0,25.0,4.0,0.0,0.0,0.0,0.0,331.5833333333333,18.566666666666663,0.2333333333333333,30.03333333333333,8.35,124.0,6.0,6.0,1.0,118.0,5.0
157,158,2402,400,21,False,37,11,0.0,0.0,0.0,0.0,0.0,0.0,0.0,0.0,0.0,333.56666666666666,18.65,0.2333333333333333,30.266666666666666,8.433333333333334,124.0,6.0,5.0,1.0,119.0,5.0
158,159,2402,400,21,True,38,11,0.0,0.0,0.0,0.0,0.0,0.0,0.0,0.0,0.0,335.53333333333336,18.73333333333333,0.25,30.516666666666666,8.516666666666667,123.0,6.0,5.0,1.0,118.0,5.0
159,160,2425,405,21,False,38,11,23.0,5.0,0.0,23.0,5.0,0.0,0.0,0.0,0.0,337.5833333333333,18.816666666666663,0.25,30.766666666666666,8.6,128.0,6.0,5.0,1.0,123.0,5.0
160,161,2429,405,21,False,38,11,4.0,0.0,0.0,4.0,0.0,0.0,0.0,0.0,0.0,339.6333333333333,18.9,0.25,31.016666666666666,8.666666666666666,128.0,6.0,5.0,1.0,123.0,5.0
161,162,2429,405,21,False,38,11,0.0,0.0,0.0,0.0,0.0,0.0,0.0,0.0,0.0,341.68333333333334,18.98333333333333,0.2333333333333333,31.25,8.733333333333333,128.0,6.0,5.0,1.0,123.0,5.0
162,163,2436,405,21,False,38,11,7.0,0.0,0.0,7.0,0.0,0.0,0.0,0.0,0.0,343.7333333333333,19.066666666666663,0.2166666666666666,31.466666666666665,8.8,128.0,6.0,5.0,1.0,123.0,5.0
163,164,2449,407,21,False,38,11,13.0,2.0,0.0,13.0,2.0,0.0,0.0,0.0,0.0,345.7333333333333,19.15,0.2166666666666666,31.683333333333334,8.866666666666667,125.0,6.0,5.0,1.0,120.0,5.0
164,165,2466,412,21,False,38,11,17.0,5.0,0.0,17.0,5.0,0.0,0.0,0.0,0.0,347.81666666666666,19.23333333333333,0.2166666666666666,31.9,8.933333333333334,130.0,6.0,5.0,1.0,125.0,5.0
165,166,2466,412,21,False,38,11,0.0,0.0,0.0,0.0,0.0,0.0,0.0,0.0,0.0,349.9,19.316666666666663,0.2166666666666666,32.11666666666667,9.0,130.0,6.0,5.0,1.0,125.0,5.0
166,167,2467,411,22,False,38,11,1.0,-1.0,1.0,1.0,0.0,1.0,0.0,1.0,0.0,351.96666666666664,19.416666666666668,0.2166666666666666,32.333333333333336,9.066666666666666,130.0,7.0,6.0,1.0,124.0,6.0
167,168,2477,414,22,False,38,11,10.0,3.0,0.0,10.0,3.0,0.0,0.0,0.0,0.0,354.05,19.516666666666666,0.2166666666666666,32.55,9.133333333333333,131.0,7.0,6.0,1.0,125.0,6.0
168,169,2509,420,22,False,38,11,32.0,6.0,0.0,32.0,6.0,0.0,0.0,0.0,0.0,356.2333333333333,19.616666666666667,0.2166666666666666,32.766666666666666,9.2,137.0,7.0,6.0,1.0,131.0,6.0
169,170,2524,424,22,False,38,11,15.0,4.0,0.0,15.0,4.0,0.0,0.0,0.0,0.0,358.4833333333333,19.716666666666665,0.2166666666666666,32.983333333333334,9.266666666666667,141.0,7.0,6.0,1.0,135.0,6.0
170,171,2524,424,22,False,38,11,0.0,0.0,0.0,0.0,0.0,0.0,0.0,0.0,0.0,360.73333333333335,19.816666666666663,0.2,33.18333333333333,9.333333333333334,141.0,7.0,6.0,1.0,135.0,6.0
171,172,2524,424,22,True,39,11,0.0,0.0,0.0,0.0,0.0,0.0,0.0,0.0,0.0,362.9333333333333,19.9,0.2166666666666666,33.4,9.4,138.0,6.0,6.0,1.0,132.0,5.0
172,173,2524,424,22,True,40,12,0.0,0.0,0.0,0.0,0.0,0.0,0.0,0.0,0.0,365.05,19.98333333333333,0.2333333333333333,33.63333333333333,9.483333333333333,133.0,6.0,6.0,1.0,127.0,5.0
173,174,2534,425,22,False,40,12,10.0,1.0,0.0,10.0,1.0,0.0,0.0,0.0,0.0,367.1333333333333,20.066666666666663,0.2333333333333333,33.86666666666667,9.566666666666666,131.0,6.0,6.0,1.0,125.0,5.0
174,175,2534,425,22,False,40,12,0.0,0.0,0.0,0.0,0.0,0.0,0.0,0.0,0.0,369.06666666666666,20.133333333333333,0.2333333333333333,34.1,9.65,122.0,5.0,6.0,1.0,116.0,4.0
175,176,2534,425,22,True,41,12,0.0,0.0,0.0,0.0,0.0,0.0,0.0,0.0,0.0,371.0,20.2,0.25,34.35,9.733333333333333,122.0,5.0,6.0,1.0,116.0,4.0
176,177,2534,425,22,True,42,12,0.0,0.0,0.0,0.0,0.0,0.0,0.0,0.0,0.0,372.9333333333333,20.266666666666666,0.25,34.6,9.816666666666666,122.0,5.0,6.0,1.0,116.0,4.0
177,178,2534,425,22,True,43,12,0.0,0.0,0.0,0.0,0.0,0.0,0.0,0.0,0.0,374.8666666666667,20.33333333333333,0.25,34.85,9.883333333333333,122.0,5.0,6.0,1.0,116.0,4.0
178,179,2534,425,22,True,44,12,0.0,0.0,0.0,0.0,0.0,0.0,0.0,0.0,0.0,376.8,20.4,0.25,35.1,9.95,122.0,5.0,6.0,1.0,116.0,4.0
179,180,2534,425,22,True,45,12,0.0,0.0,0.0,0.0,0.0,0.0,0.0,0.0,0.0,378.73333333333335,20.466666666666665,0.25,35.35,10.0,122.0,5.0,6.0,1.0,116.0,4.0
180,181,2534,425,22,True,46,12,0.0,0.0,0.0,0.0,0.0,0.0,0.0,0.0,0.0,380.6666666666667,20.53333333333333,0.25,35.6,10.05,122.0,5.0,6.0,1.0,116.0,4.0
181,182,2534,425,22,True,47,12,0.0,0.0,0.0,0.0,0.0,0.0,0.0,0.0,0.0,382.6833333333333,20.616666666666667,0.2666666666666666,35.86666666666667,10.1,122.0,5.0,1.0,0.0,121.0,5.0
182,183,2534,425,22,True,48,12,0.0,0.0,0.0,0.0,0.0,0.0,0.0,0.0,0.0,384.6666666666667,20.683333333333334,0.2833333333333333,36.15,10.15,120.0,4.0,1.0,0.0,119.0,4.0
183,184,2534,425,22,True,49,12,0.0,0.0,0.0,0.0,0.0,0.0,0.0,0.0,0.0,386.6,20.75,0.3,36.45,10.2,117.0,4.0,1.0,0.0,116.0,4.0
184,185,2540,426,22,False,49,12,6.0,1.0,0.0,6.0,1.0,0.0,0.0,0.0,0.0,388.4666666666666,20.816666666666663,0.3,36.75,10.25,113.0,4.0,1.0,0.0,112.0,4.0
185,186,2569,429,22,False,49,12,29.0,3.0,0.0,29.0,3.0,0.0,0.0,0.0,0.0,390.31666666666666,20.883333333333333,0.3,37.05,10.3,112.0,4.0,1.0,0.0,111.0,4.0
186,187,2549,428,23,False,49,12,-20.0,-1.0,1.0,0.0,0.0,1.0,20.0,1.0,0.0,392.03333333333336,20.966666666666665,0.3,37.35,10.35,105.0,5.0,2.0,0.0,103.0,5.0
187,188,2557,429,23,False,49,12,8.0,1.0,0.0,8.0,1.0,0.0,0.0,0.0,0.0,393.7166666666666,21.05,0.3,37.65,10.4,103.0,5.0,2.0,0.0,101.0,5.0
188,189,2555,429,23,False,49,12,-2.0,0.0,0.0,0.0,0.0,0.0,2.0,0.0,0.0,395.3333333333333,21.133333333333333,0.3,37.95,10.45,99.0,5.0,2.0,0.0,97.0,5.0
189,190,2576,435,23,False,49,12,21.0,6.0,0.0,21.0,6.0,0.0,0.0,0.0,0.0,396.98333333333335,21.2,0.3,38.25,10.5,101.0,4.0,2.0,0.0,99.0,4.0
190,191,2606,441,23,False,49,12,30.0,6.0,0.0,30.0,6.0,0.0,0.0,0.0,0.0,398.6666666666667,21.266666666666666,0.3,38.55,10.55,103.0,4.0,2.0,0.0,101.0,4.0
191,192,2639,447,24,False,49,13,33.0,6.0,1.0,33.0,6.0,1.0,0.0,0.0,0.0,400.3833333333333,21.35,0.3,38.85,10.616666666666667,105.0,5.0,2.0,0.0,103.0,5.0
192,193,2668,452,24,False,49,13,29.0,5.0,0.0,29.0,5.0,0.0,0.0,0.0,0.0,402.1166666666667,21.433333333333334,0.3,39.15,10.683333333333334,106.0,5.0,2.0,0.0,104.0,5.0
193,194,2699,459,25,False,49,13,31.0,7.0,1.0,31.0,7.0,1.0,0.0,0.0,0.0,403.95,21.516666666666666,0.3,39.45,10.75,112.0,5.0,2.0,0.0,110.0,5.0
194,195,2708,461,25,False,49,13,9.0,2.0,0.0,9.0,2.0,0.0,0.0,0.0,0.0,405.78333333333336,21.6,0.3,39.75,10.816666666666666,112.0,5.0,2.0,0.0,110.0,5.0
195,196,2708,461,25,False,49,13,0.0,0.0,0.0,0.0,0.0,0.0,0.0,0.0,0.0,407.6166666666667,21.683333333333334,0.3,40.05,10.883333333333333,112.0,5.0,2.0,0.0,110.0,5.0
196,197,2708,461,25,True,50,13,0.0,0.0,0.0,0.0,0.0,0.0,0.0,0.0,0.0,409.3,21.766666666666666,0.3166666666666666,40.36666666666667,10.95,103.0,5.0,2.0,0.0,101.0,5.0
197,198,2725,463,25,False,50,13,17.0,2.0,0.0,17.0,2.0,0.0,0.0,0.0,0.0,411.01666666666665,21.85,0.3166666666666666,40.68333333333333,11.016666666666667,105.0,5.0,2.0,0.0,103.0,5.0
198,199,2727,464,25,False,50,13,2.0,1.0,0.0,2.0,1.0,0.0,0.0,0.0,0.0,412.75,21.933333333333334,0.3,40.98333333333333,11.083333333333334,106.0,5.0,2.0,0.0,104.0,5.0
199,200,2755,470,25,False,50,13,28.0,6.0,0.0,28.0,6.0,0.0,0.0,0.0,0.0,414.53333333333336,22.016666666666666,0.3,41.28333333333333,11.15,109.0,5.0,2.0,0.0,107.0,5.0
200,201,2774,472,25,False,50,13,19.0,2.0,0.0,19.0,2.0,0.0,0.0,0.0,0.0,416.3333333333333,22.1,0.3,41.583333333333336,11.216666666666669,110.0,5.0,2.0,0.0,108.0,5.0
201,202,2778,473,26,False,50,13,4.0,1.0,1.0,4.0,1.0,1.0,0.0,0.0,0.0,418.1166666666667,22.2,0.3,41.88333333333333,11.283333333333331,109.0,6.0,2.0,0.0,107.0,6.0
202,203,2814,476,26,False,50,13,36.0,3.0,0.0,36.0,3.0,0.0,0.0,0.0,0.0,419.8666666666667,22.3,0.3,42.18333333333333,11.35,107.0,6.0,2.0,0.0,105.0,6.0
203,204,2824,479,27,False,50,13,10.0,3.0,1.0,10.0,3.0,1.0,0.0,0.0,0.0,421.5833333333333,22.4,0.3,42.48333333333333,11.416666666666666,105.0,6.0,2.0,0.0,103.0,6.0
204,205,2824,479,27,False,50,13,0.0,0.0,0.0,0.0,0.0,0.0,0.0,0.0,0.0,423.3,22.5,0.3,42.78333333333333,11.483333333333333,105.0,6.0,2.0,0.0,103.0,6.0
205,206,2824,479,27,True,51,13,0.0,0.0,0.0,0.0,0.0,0.0,0.0,0.0,0.0,425.01666666666665,22.6,0.3,43.083333333333336,11.55,105.0,6.0,2.0,0.0,103.0,6.0
206,207,2824,479,27,True,52,13,0.0,0.0,0.0,0.0,0.0,0.0,0.0,0.0,0.0,426.73333333333335,22.7,0.3,43.38333333333333,11.616666666666667,105.0,6.0,2.0,0.0,103.0,6.0
207,208,2824,479,27,True,53,13,0.0,0.0,0.0,0.0,0.0,0.0,0.0,0.0,0.0,428.45,22.8,0.3,43.68333333333333,11.683333333333334,105.0,6.0,2.0,0.0,103.0,6.0
208,209,2824,479,27,True,54,14,0.0,0.0,0.0,0.0,0.0,0.0,0.0,0.0,0.0,430.1666666666667,22.9,0.3,43.98333333333333,11.766666666666667,105.0,6.0,2.0,0.0,103.0,6.0
209,210,2824,479,27,True,55,14,0.0,0.0,0.0,0.0,0.0,0.0,0.0,0.0,0.0,431.8833333333333,23.0,0.3,44.28333333333333,11.85,105.0,6.0,2.0,0.0,103.0,6.0
210,211,2824,479,27,True,56,15,0.0,0.0,0.0,0.0,0.0,0.0,0.0,0.0,0.0,433.56666666666666,23.1,0.3166666666666666,44.6,11.95,103.0,6.0,2.0,0.0,101.0,6.0
211,212,2824,479,27,True,57,15,0.0,0.0,0.0,0.0,0.0,0.0,0.0,0.0,0.0,435.1666666666667,23.2,0.3333333333333333,44.93333333333333,12.05,98.0,6.0,2.0,0.0,96.0,6.0
212,213,2824,479,27,True,58,15,0.0,0.0,0.0,0.0,0.0,0.0,0.0,0.0,0.0,436.76666666666665,23.3,0.35,45.28333333333333,12.15,98.0,6.0,2.0,0.0,96.0,6.0
213,214,2824,479,27,True,59,15,0.0,0.0,0.0,0.0,0.0,0.0,0.0,0.0,0.0,438.3333333333333,23.4,0.3666666666666666,45.65,12.233333333333333,96.0,6.0,2.0,0.0,94.0,6.0
214,215,2824,479,27,True,60,15,0.0,0.0,0.0,0.0,0.0,0.0,0.0,0.0,0.0,439.78333333333336,23.5,0.3833333333333333,46.03333333333333,12.316666666666666,89.0,6.0,2.0,0.0,87.0,6.0
215,216,2825,480,27,False,60,15,1.0,1.0,0.0,1.0,1.0,0.0,0.0,0.0,0.0,441.1833333333333,23.6,0.3833333333333333,46.41666666666666,12.383333333333333,86.0,6.0,2.0,0.0,84.0,6.0
216,217,2835,481,27,False,60,15,10.0,1.0,0.0,10.0,1.0,0.0,0.0,0.0,0.0,442.53333333333336,23.7,0.3833333333333333,46.8,12.45,83.0,6.0,2.0,0.0,81.0,6.0
217,218,2850,484,27,False,60,15,15.0,3.0,0.0,15.0,3.0,0.0,0.0,0.0,0.0,443.9333333333333,23.8,0.3833333333333333,47.18333333333333,12.516666666666667,86.0,6.0,2.0,0.0,84.0,6.0
218,219,2887,494,27,False,60,15,37.0,10.0,0.0,37.0,10.0,0.0,0.0,0.0,0.0,445.5,23.9,0.3666666666666666,47.55,12.583333333333334,96.0,6.0,2.0,0.0,94.0,6.0
219,220,2904,495,28,False,60,15,17.0,1.0,1.0,17.0,1.0,1.0,0.0,0.0,0.0,447.0,24.016666666666666,0.3666666666666666,47.91666666666666,12.65,92.0,7.0,2.0,0.0,90.0,7.0
220,221,2827,482,27,False,60,15,-77.0,-13.0,-1.0,0.0,0.0,0.0,77.0,13.0,1.0,448.28333333333336,24.116666666666667,0.3666666666666666,48.28333333333333,12.716666666666669,92.0,7.0,15.0,1.0,77.0,6.0
221,222,2904,495,28,False,60,15,77.0,13.0,1.0,77.0,13.0,1.0,0.0,0.0,0.0,449.78333333333336,24.23333333333333,0.3666666666666666,48.65,12.783333333333331,105.0,8.0,15.0,1.0,90.0,7.0
222,223,2906,496,28,False,60,15,2.0,1.0,0.0,2.0,1.0,0.0,0.0,0.0,0.0,451.3,24.35,0.3666666666666666,49.016666666666666,12.85,106.0,8.0,15.0,1.0,91.0,7.0
223,224,2942,503,28,False,60,15,36.0,7.0,0.0,36.0,7.0,0.0,0.0,0.0,0.0,452.9,24.466666666666665,0.3666666666666666,49.38333333333333,12.916666666666666,111.0,8.0,15.0,1.0,96.0,7.0
224,225,2952,504,28,False,60,15,10.0,1.0,0.0,10.0,1.0,0.0,0.0,0.0,0.0,454.4333333333333,24.58333333333333,0.3666666666666666,49.75,12.983333333333333,107.0,8.0,15.0,1.0,92.0,7.0
225,226,2966,506,29,False,60,15,14.0,2.0,1.0,14.0,2.0,1.0,0.0,0.0,0.0,456.0,24.716666666666665,0.3666666666666666,50.11666666666667,13.05,109.0,9.0,15.0,1.0,94.0,8.0
226,227,2966,506,29,False,60,15,0.0,0.0,0.0,0.0,0.0,0.0,0.0,0.0,0.0,457.5833333333333,24.83333333333333,0.3666666666666666,50.48333333333333,13.116666666666667,109.0,8.0,14.0,1.0,95.0,7.0
227,228,2966,506,29,True,61,16,0.0,0.0,0.0,0.0,0.0,0.0,0.0,0.0,0.0,459.1166666666667,24.95,0.3833333333333333,50.86666666666667,13.2,106.0,8.0,14.0,1.0,92.0,7.0
228,229,2966,506,29,True,62,16,0.0,0.0,0.0,0.0,0.0,0.0,0.0,0.0,0.0,460.55,25.066666666666663,0.4,51.266666666666666,13.283333333333331,100.0,8.0,14.0,1.0,86.0,7.0
229,230,2966,506,29,True,63,16,0.0,0.0,0.0,0.0,0.0,0.0,0.0,0.0,0.0,461.9166666666667,25.183333333333334,0.4166666666666667,51.68333333333333,13.366666666666667,96.0,8.0,14.0,1.0,82.0,7.0
230,231,2966,506,29,True,64,16,0.0,0.0,0.0,0.0,0.0,0.0,0.0,0.0,0.0,463.28333333333336,25.3,0.4333333333333333,52.11666666666667,13.45,96.0,8.0,14.0,1.0,82.0,7.0
231,232,2966,506,29,True,65,16,0.0,0.0,0.0,0.0,0.0,0.0,0.0,0.0,0.0,464.65,25.416666666666668,0.4333333333333333,52.55,13.533333333333331,96.0,8.0,14.0,1.0,82.0,7.0
232,233,2966,506,29,True,66,16,0.0,0.0,0.0,0.0,0.0,0.0,0.0,0.0,0.0,466.01666666666665,25.53333333333333,0.4333333333333333,52.98333333333333,13.6,96.0,8.0,14.0,1.0,82.0,7.0
233,234,2966,506,29,True,67,16,0.0,0.0,0.0,0.0,0.0,0.0,0.0,0.0,0.0,467.3666666666667,25.65,0.45,53.43333333333333,13.666666666666666,95.0,8.0,14.0,1.0,81.0,7.0
234,235,2966,506,29,True,68,16,0.0,0.0,0.0,0.0,0.0,0.0,0.0,0.0,0.0,468.7166666666666,25.766666666666666,0.4666666666666667,53.9,13.733333333333333,95.0,8.0,14.0,1.0,81.0,7.0
235,236,2966,506,29,True,69,16,0.0,0.0,0.0,0.0,0.0,0.0,0.0,0.0,0.0,470.06666666666666,25.883333333333333,0.4666666666666667,54.36666666666667,13.8,95.0,8.0,14.0,1.0,81.0,7.0
236,237,2982,509,29,False,69,16,16.0,3.0,0.0,16.0,3.0,0.0,0.0,0.0,0.0,471.4666666666666,26.0,0.45,54.81666666666667,13.866666666666667,98.0,8.0,14.0,1.0,84.0,7.0
237,238,3000,513,29,False,69,16,18.0,4.0,0.0,18.0,4.0,0.0,0.0,0.0,0.0,472.9333333333333,26.116666666666667,0.4333333333333333,55.25,13.933333333333334,102.0,8.0,14.0,1.0,88.0,7.0
238,239,3027,518,29,False,69,16,27.0,5.0,0.0,27.0,5.0,0.0,0.0,0.0,0.0,474.48333333333335,26.23333333333333,0.4166666666666667,55.66666666666666,14.0,107.0,8.0,14.0,1.0,93.0,7.0
239,240,3051,522,30,False,69,16,24.0,4.0,1.0,24.0,4.0,1.0,0.0,0.0,0.0,476.1,26.366666666666667,0.4,56.06666666666667,14.066666666666666,111.0,9.0,14.0,1.0,97.0,8.0
240,241,3077,527,30,False,69,16,26.0,5.0,0.0,26.0,5.0,0.0,0.0,0.0,0.0,477.8,26.5,0.3833333333333333,56.45,14.133333333333333,116.0,9.0,14.0,1.0,102.0,8.0
241,242,3089,529,30,False,69,16,12.0,2.0,0.0,12.0,2.0,0.0,0.0,0.0,0.0,479.53333333333336,26.633333333333333,0.3666666666666666,56.81666666666667,14.2,118.0,9.0,14.0,1.0,104.0,8.0
242,243,3101,530,30,False,69,17,12.0,1.0,0.0,12.0,1.0,0.0,0.0,0.0,0.0,481.28333333333336,26.766666666666666,0.35,57.16666666666666,14.283333333333331,119.0,9.0,14.0,1.0,105.0,8.0
243,244,3099,531,30,False,69,17,-2.0,1.0,0.0,0.0,1.0,0.0,2.0,0.0,0.0,483.05,26.9,0.3333333333333333,57.5,14.366666666666667,120.0,9.0,14.0,1.0,106.0,8.0
244,245,3099,531,30,False,69,18,0.0,0.0,0.0,0.0,0.0,0.0,0.0,0.0,0.0,484.8,27.03333333333333,0.3333333333333333,57.833333333333336,14.466666666666669,119.0,9.0,14.0,1.0,105.0,8.0
245,246,3099,531,30,True,70,18,0.0,0.0,0.0,0.0,0.0,0.0,0.0,0.0,0.0,486.5,27.166666666666668,0.35,58.18333333333333,14.566666666666666,116.0,9.0,14.0,1.0,102.0,8.0
246,247,3099,531,30,True,71,18,0.0,0.0,0.0,0.0,0.0,0.0,0.0,0.0,0.0,488.2166666666666,27.28333333333333,0.3666666666666666,58.55,14.666666666666666,116.0,8.0,13.0,1.0,103.0,7.0
247,248,3136,540,30,False,71,18,37.0,9.0,0.0,37.0,9.0,0.0,0.0,0.0,0.0,490.06666666666666,27.4,0.3666666666666666,58.91666666666666,14.766666666666667,124.0,8.0,13.0,1.0,111.0,7.0
248,249,3145,541,31,False,71,18,9.0,1.0,1.0,9.0,1.0,1.0,0.0,0.0,0.0,491.9333333333333,27.53333333333333,0.3666666666666666,59.28333333333333,14.866666666666667,125.0,9.0,13.0,1.0,112.0,8.0
249,250,3145,541,31,False,71,18,0.0,0.0,0.0,0.0,0.0,0.0,0.0,0.0,0.0,493.7,27.666666666666668,0.3666666666666666,59.65,14.966666666666669,119.0,9.0,13.0,1.0,106.0,8.0
250,251,3161,544,31,False,71,18,16.0,3.0,0.0,16.0,3.0,0.0,0.0,0.0,0.0,495.4166666666667,27.8,0.3666666666666666,60.016666666666666,15.066666666666666,116.0,9.0,13.0,1.0,103.0,8.0
251,252,3182,550,31,False,71,18,21.0,6.0,0.0,21.0,6.0,0.0,0.0,0.0,0.0,497.1333333333333,27.916666666666668,0.3666666666666666,60.38333333333333,15.15,116.0,8.0,13.0,1.0,103.0,7.0
252,253,3223,556,31,False,71,18,41.0,6.0,0.0,41.0,6.0,0.0,0.0,0.0,0.0,498.8666666666667,28.03333333333333,0.3666666666666666,60.75,15.233333333333333,117.0,8.0,13.0,1.0,104.0,7.0
253,254,3242,559,31,False,71,18,19.0,3.0,0.0,19.0,3.0,0.0,0.0,0.0,0.0,500.53333333333336,28.133333333333333,0.3666666666666666,61.11666666666667,15.316666666666666,113.0,7.0,13.0,1.0,100.0,6.0
254,255,3268,562,31,False,71,18,26.0,3.0,0.0,26.0,3.0,0.0,0.0,0.0,0.0,502.2166666666666,28.23333333333333,0.3666666666666666,61.48333333333333,15.4,114.0,7.0,13.0,1.0,101.0,6.0
255,256,3293,564,32,False,71,18,25.0,2.0,1.0,25.0,2.0,1.0,0.0,0.0,0.0,503.9333333333333,28.35,0.3666666666666666,61.85,15.483333333333333,116.0,8.0,13.0,1.0,103.0,7.0
256,257,3304,567,32,False,71,18,11.0,3.0,0.0,11.0,3.0,0.0,0.0,0.0,0.0,505.7,28.466666666666665,0.35,62.2,15.566666666666666,119.0,8.0,13.0,1.0,106.0,7.0
257,258,3339,573,32,False,71,18,35.0,6.0,0.0,35.0,6.0,0.0,0.0,0.0,0.0,507.53333333333336,28.58333333333333,0.35,62.55,15.65,123.0,8.0,13.0,1.0,110.0,7.0
258,259,3361,578,33,False,71,18,22.0,5.0,1.0,22.0,5.0,1.0,0.0,0.0,0.0,509.4333333333333,28.716666666666665,0.35,62.9,15.733333333333333,127.0,9.0,13.0,1.0,114.0,8.0
259,260,3364,579,33,False,71,18,3.0,1.0,0.0,3.0,1.0,0.0,0.0,0.0,0.0,511.25,28.85,0.35,63.25,15.816666666666666,122.0,9.0,13.0,1.0,109.0,8.0
260,261,3390,584,33,False,71,18,26.0,5.0,0.0,26.0,5.0,0.0,0.0,0.0,0.0,513.1166666666667,28.98333333333333,0.35,63.6,15.9,125.0,9.0,13.0,1.0,112.0,8.0
261,262,3406,587,33,False,71,18,16.0,3.0,0.0,16.0,3.0,0.0,0.0,0.0,0.0,515.0166666666667,29.1,0.35,63.95,15.983333333333333,127.0,8.0,13.0,1.0,114.0,7.0
262,263,3441,594,33,False,71,18,35.0,7.0,0.0,35.0,7.0,0.0,0.0,0.0,0.0,516.9833333333333,29.216666666666665,0.35,64.3,16.066666666666666,131.0,8.0,13.0,1.0,118.0,7.0
263,264,3450,597,33,False,71,18,9.0,3.0,0.0,9.0,3.0,0.0,0.0,0.0,0.0,518.95,29.316666666666663,0.35,64.65,16.15,131.0,7.0,13.0,1.0,118.0,6.0
264,265,3480,600,34,False,71,18,30.0,3.0,1.0,30.0,3.0,1.0,0.0,0.0,0.0,520.9666666666667,29.433333333333334,0.35,65.0,16.233333333333334,134.0,8.0,13.0,1.0,121.0,7.0
265,266,3486,602,34,False,71,18,6.0,2.0,0.0,6.0,2.0,0.0,0.0,0.0,0.0,523.0166666666667,29.55,0.3333333333333333,65.33333333333333,16.316666666666666,136.0,8.0,13.0,1.0,123.0,7.0
266,267,3520,607,34,False,71,18,34.0,5.0,0.0,34.0,5.0,0.0,0.0,0.0,0.0,525.15,29.666666666666668,0.3166666666666666,65.65,16.4,141.0,8.0,13.0,1.0,128.0,7.0
267,268,3553,615,34,False,71,18,33.0,8.0,0.0,33.0,8.0,0.0,0.0,0.0,0.0,527.4166666666666,29.78333333333333,0.3,65.95,16.483333333333334,149.0,8.0,13.0,1.0,136.0,7.0
268,269,3560,615,35,False,71,18,7.0,0.0,1.0,7.0,0.0,1.0,0.0,0.0,0.0,529.6833333333333,29.916666666666668,0.2833333333333333,66.23333333333333,16.55,149.0,9.0,13.0,1.0,136.0,8.0
269,270,3582,620,35,False,71,18,22.0,5.0,0.0,22.0,5.0,0.0,0.0,0.0,0.0,532.0333333333333,30.05,0.2666666666666666,66.5,16.616666666666667,154.0,9.0,13.0,1.0,141.0,8.0
270,271,3625,628,35,False,71,18,43.0,8.0,0.0,43.0,8.0,0.0,0.0,0.0,0.0,534.5166666666667,30.183333333333334,0.25,66.75,16.666666666666668,162.0,9.0,13.0,1.0,149.0,8.0
271,272,3651,632,35,False,71,18,26.0,4.0,0.0,26.0,4.0,0.0,0.0,0.0,0.0,537.0666666666667,30.316666666666663,0.2333333333333333,66.98333333333333,16.716666666666665,166.0,9.0,13.0,1.0,153.0,8.0
272,273,3694,639,35,False,71,18,43.0,7.0,0.0,43.0,7.0,0.0,0.0,0.0,0.0,539.7333333333333,30.45,0.2166666666666666,67.2,16.766666666666666,173.0,9.0,13.0,1.0,160.0,8.0
273,274,3737,647,36,False,71,18,43.0,8.0,1.0,43.0,8.0,1.0,0.0,0.0,0.0,542.5333333333333,30.6,0.2,67.4,16.816666666666666,181.0,10.0,13.0,1.0,168.0,9.0
274,275,3763,652,36,False,71,18,26.0,5.0,0.0,26.0,5.0,0.0,0.0,0.0,0.0,545.4166666666666,30.75,0.1833333333333333,67.58333333333333,16.866666666666667,186.0,10.0,13.0,1.0,173.0,9.0
275,276,3798,658,36,False,71,18,35.0,6.0,0.0,35.0,6.0,0.0,0.0,0.0,0.0,548.3833333333333,30.9,0.1833333333333333,67.76666666666667,16.916666666666668,191.0,10.0,13.0,1.0,178.0,9.0
276,277,3833,666,36,False,71,18,35.0,8.0,0.0,35.0,8.0,0.0,0.0,0.0,0.0,551.4666666666667,31.05,0.1833333333333333,67.95,16.966666666666665,198.0,10.0,13.0,1.0,185.0,9.0
277,278,3864,673,37,False,71,18,31.0,7.0,1.0,31.0,7.0,1.0,0.0,0.0,0.0,554.6166666666667,31.216666666666665,0.1833333333333333,68.13333333333334,17.016666666666666,202.0,11.0,13.0,1.0,189.0,10.0
278,279,3893,676,37,False,71,18,29.0,3.0,0.0,29.0,3.0,0.0,0.0,0.0,0.0,557.65,31.383333333333333,0.1833333333333333,68.31666666666666,17.066666666666666,195.0,11.0,13.0,1.0,182.0,10.0
279,280,3917,681,37,False,71,18,24.0,5.0,0.0,24.0,5.0,0.0,0.0,0.0,0.0,560.75,31.53333333333333,0.1833333333333333,68.5,17.116666666666667,199.0,10.0,13.0,1.0,186.0,9.0
280,281,3917,680,38,False,71,19,0.0,-1.0,1.0,0.0,0.0,1.0,0.0,1.0,0.0,564.05,31.716666666666665,0.1833333333333333,68.68333333333334,17.183333333333334,199.0,11.0,1.0,0.0,198.0,11.0
281,282,3917,680,38,True,72,19,0.0,0.0,0.0,0.0,0.0,0.0,0.0,0.0,0.0,567.1333333333333,31.883333333333333,0.2,68.88333333333334,17.25,186.0,10.0,1.0,0.0,185.0,10.0
282,283,3917,680,38,True,73,19,0.0,0.0,0.0,0.0,0.0,0.0,0.0,0.0,0.0,570.2,32.05,0.2166666666666666,69.1,17.316666666666666,185.0,10.0,1.0,0.0,184.0,10.0
283,284,3916,680,38,False,73,19,-1.0,0.0,0.0,0.0,0.0,0.0,1.0,0.0,0.0,573.15,32.21666666666667,0.2166666666666666,69.31666666666666,17.383333333333333,178.0,10.0,1.0,0.0,177.0,10.0
284,285,3916,680,38,False,73,19,0.0,0.0,0.0,0.0,0.0,0.0,0.0,0.0,0.0,576.0833333333334,32.38333333333333,0.2166666666666666,69.53333333333333,17.45,177.0,10.0,1.0,0.0,176.0,10.0
285,286,3916,680,38,True,74,19,0.0,0.0,0.0,0.0,0.0,0.0,0.0,0.0,0.0,578.9833333333333,32.53333333333333,0.2333333333333333,69.76666666666667,17.516666666666666,175.0,9.0,1.0,0.0,174.0,9.0
286,287,3942,686,38,False,74,19,26.0,6.0,0.0,26.0,6.0,0.0,0.0,0.0,0.0,581.9833333333333,32.68333333333333,0.2333333333333333,70.0,17.583333333333332,181.0,9.0,1.0,0.0,180.0,9.0
287,288,3959,689,38,False,74,19,17.0,3.0,0.0,17.0,3.0,0.0,0.0,0.0,0.0,585.0333333333333,32.833333333333336,0.2166666666666666,70.21666666666667,17.633333333333333,184.0,9.0,1.0,0.0,183.0,9.0
288,289,3959,689,38,False,74,19,0.0,0.0,0.0,0.0,0.0,0.0,0.0,0.0,0.0,588.0833333333334,32.983333333333334,0.2,70.41666666666667,17.683333333333334,184.0,9.0,1.0,0.0,183.0,9.0
289,290,3959,689,38,True,75,19,0.0,0.0,0.0,0.0,0.0,0.0,0.0,0.0,0.0,591.1333333333333,33.13333333333333,0.2,70.61666666666666,17.733333333333334,184.0,9.0,1.0,0.0,183.0,9.0
290,291,3976,692,38,False,75,19,17.0,3.0,0.0,17.0,3.0,0.0,0.0,0.0,0.0,594.2333333333333,33.28333333333333,0.1833333333333333,70.8,17.783333333333335,187.0,9.0,1.0,0.0,186.0,9.0
291,292,4007,698,38,False,75,19,31.0,6.0,0.0,31.0,6.0,0.0,0.0,0.0,0.0,597.4333333333333,33.43333333333333,0.1666666666666666,70.96666666666667,17.833333333333332,193.0,9.0,1.0,0.0,192.0,9.0
292,293,4036,705,38,False,75,19,29.0,7.0,0.0,29.0,7.0,0.0,0.0,0.0,0.0,600.75,33.583333333333336,0.15,71.11666666666666,17.883333333333333,200.0,9.0,1.0,0.0,199.0,9.0
293,294,4041,705,39,False,75,19,5.0,0.0,1.0,5.0,0.0,1.0,0.0,0.0,0.0,604.0666666666667,33.75,0.1333333333333333,71.25,17.933333333333334,200.0,10.0,1.0,0.0,199.0,10.0
294,295,4041,705,39,False,75,19,0.0,0.0,0.0,0.0,0.0,0.0,0.0,0.0,0.0,607.3833333333333,33.916666666666664,0.1166666666666666,71.36666666666666,17.983333333333334,200.0,10.0,1.0,0.0,199.0,10.0
295,296,4041,705,39,True,76,19,0.0,0.0,0.0,0.0,0.0,0.0,0.0,0.0,0.0,610.7,34.083333333333336,0.1166666666666666,71.48333333333333,18.03333333333333,200.0,10.0,1.0,0.0,199.0,10.0
296,297,4042,706,39,False,76,19,1.0,1.0,0.0,1.0,1.0,0.0,0.0,0.0,0.0,613.9833333333333,34.25,0.1166666666666666,71.6,18.08333333333333,198.0,10.0,1.0,0.0,197.0,10.0
297,298,4050,708,39,False,76,20,8.0,2.0,0.0,8.0,2.0,0.0,0.0,0.0,0.0,617.2333333333333,34.416666666666664,0.1166666666666666,71.71666666666667,18.15,196.0,10.0,1.0,0.0,195.0,10.0
298,299,4056,707,39,False,76,20,6.0,-1.0,0.0,6.0,0.0,0.0,0.0,1.0,0.0,620.3833333333333,34.583333333333336,0.1166666666666666,71.83333333333333,18.216666666666665,191.0,10.0,2.0,0.0,189.0,10.0
299,300,4083,713,39,False,76,20,27.0,6.0,0.0,27.0,6.0,0.0,0.0,0.0,0.0,623.5666666666667,34.733333333333334,0.1166666666666666,71.95,18.28333333333333,193.0,9.0,2.0,0.0,191.0,9.0
300,301,4118,718,40,False,76,20,35.0,5.0,1.0,35.0,5.0,1.0,0.0,0.0,0.0,626.75,34.9,0.1166666666666666,72.06666666666666,18.35,193.0,10.0,2.0,0.0,191.0,10.0
301,302,4143,722,40,False,76,20,25.0,4.0,0.0,25.0,4.0,0.0,0.0,0.0,0.0,629.9666666666667,35.06666666666667,0.1166666666666666,72.18333333333334,18.416666666666668,195.0,10.0,2.0,0.0,193.0,10.0
302,303,4164,726,40,False,76,20,21.0,4.0,0.0,21.0,4.0,0.0,0.0,0.0,0.0,633.2333333333333,35.233333333333334,0.1166666666666666,72.3,18.466666666666665,198.0,10.0,2.0,0.0,196.0,10.0
303,304,4194,732,41,False,76,20,30.0,6.0,1.0,30.0,6.0,1.0,0.0,0.0,0.0,636.5833333333334,35.416666666666664,0.1166666666666666,72.41666666666667,18.516666666666666,203.0,11.0,2.0,0.0,201.0,11.0
304,305,4237,740,41,False,76,20,43.0,8.0,0.0,43.0,8.0,0.0,0.0,0.0,0.0,640.0666666666667,35.6,0.1166666666666666,72.53333333333333,18.55,211.0,11.0,2.0,0.0,209.0,11.0
305,306,4243,741,41,False,76,20,6.0,1.0,0.0,6.0,1.0,0.0,0.0,0.0,0.0,643.5666666666667,35.78333333333333,0.1,72.63333333333334,18.58333333333333,212.0,11.0,2.0,0.0,210.0,11.0
306,307,4219,736,42,False,76,20,-24.0,-5.0,1.0,0.0,0.0,1.0,24.0,5.0,0.0,646.9833333333333,35.983333333333334,0.0833333333333333,72.71666666666667,18.616666666666667,212.0,12.0,7.0,0.0,205.0,12.0
307,308,4234,738,42,False,76,20,15.0,2.0,0.0,15.0,2.0,0.0,0.0,0.0,0.0,650.2833333333333,36.18333333333333,0.0833333333333333,72.8,18.65,205.0,12.0,7.0,0.0,198.0,12.0
308,309,4262,744,42,False,76,20,28.0,6.0,0.0,28.0,6.0,0.0,0.0,0.0,0.0,653.6666666666666,36.36666666666667,0.0833333333333333,72.88333333333334,18.683333333333334,210.0,11.0,7.0,0.0,203.0,11.0
309,310,4257,743,42,False,76,20,-5.0,-1.0,0.0,0.0,0.0,0.0,5.0,1.0,0.0,657.0333333333333,36.55,0.0833333333333333,72.96666666666667,18.716666666666665,210.0,11.0,8.0,0.0,202.0,11.0
310,311,4271,745,42,False,76,20,14.0,2.0,0.0,14.0,2.0,0.0,0.0,0.0,0.0,660.3833333333333,36.73333333333333,0.0833333333333333,73.05,18.75,209.0,11.0,8.0,0.0,201.0,11.0
311,312,4296,750,42,False,76,20,25.0,5.0,0.0,25.0,5.0,0.0,0.0,0.0,0.0,663.7166666666667,36.91666666666666,0.0833333333333333,73.13333333333334,18.78333333333333,208.0,11.0,8.0,0.0,200.0,11.0
312,313,4312,753,42,False,76,20,16.0,3.0,0.0,16.0,3.0,0.0,0.0,0.0,0.0,667.0,37.1,0.0833333333333333,73.21666666666667,18.816666666666663,205.0,11.0,8.0,0.0,197.0,11.0
313,314,4341,758,42,False,76,20,29.0,5.0,0.0,29.0,5.0,0.0,0.0,0.0,0.0,670.3166666666667,37.28333333333333,0.0833333333333333,73.3,18.85,207.0,11.0,8.0,0.0,199.0,11.0
314,315,4371,764,43,False,76,21,30.0,6.0,1.0,30.0,6.0,1.0,0.0,0.0,0.0,673.6833333333333,37.48333333333333,0.0833333333333333,73.38333333333334,18.9,210.0,12.0,8.0,0.0,202.0,12.0
315,316,4405,769,43,False,76,21,34.0,5.0,0.0,34.0,5.0,0.0,0.0,0.0,0.0,677.1,37.66666666666666,0.0833333333333333,73.46666666666667,18.95,213.0,11.0,8.0,0.0,205.0,11.0
316,317,4425,773,43,False,76,21,20.0,4.0,0.0,20.0,4.0,0.0,0.0,0.0,0.0,680.5333333333333,37.85,0.0833333333333333,73.55,19.0,214.0,11.0,8.0,0.0,206.0,11.0
317,318,4466,780,43,False,76,21,41.0,7.0,0.0,41.0,7.0,0.0,0.0,0.0,0.0,683.9833333333333,38.03333333333333,0.0833333333333333,73.63333333333334,19.05,215.0,11.0,8.0,0.0,207.0,11.0
318,319,4473,781,43,False,76,21,7.0,1.0,0.0,7.0,1.0,0.0,0.0,0.0,0.0,687.3666666666667,38.2,0.0833333333333333,73.71666666666667,19.1,211.0,10.0,8.0,0.0,203.0,10.0
319,320,4498,787,43,False,76,21,25.0,6.0,0.0,25.0,6.0,0.0,0.0,0.0,0.0,690.8333333333334,38.36666666666667,0.0833333333333333,73.8,19.15,216.0,10.0,8.0,0.0,208.0,10.0
320,321,4509,787,43,False,76,21,11.0,0.0,0.0,11.0,0.0,0.0,0.0,0.0,0.0,694.2166666666667,38.53333333333333,0.0833333333333333,73.88333333333334,19.2,211.0,10.0,8.0,0.0,203.0,10.0
321,322,4504,787,43,False,76,21,-5.0,0.0,0.0,0.0,0.0,0.0,5.0,0.0,0.0,697.55,38.7,0.0833333333333333,73.96666666666667,19.25,208.0,10.0,8.0,0.0,200.0,10.0
322,323,4528,793,43,False,76,21,24.0,6.0,0.0,24.0,6.0,0.0,0.0,0.0,0.0,700.8666666666667,38.86666666666667,0.0833333333333333,74.05,19.3,207.0,10.0,8.0,0.0,199.0,10.0
323,324,4548,796,44,False,76,21,20.0,3.0,1.0,20.0,3.0,1.0,0.0,0.0,0.0,704.1833333333333,39.05,0.0833333333333333,74.13333333333334,19.35,207.0,11.0,8.0,0.0,199.0,11.0
324,325,4548,796,44,False,76,21,0.0,0.0,0.0,0.0,0.0,0.0,0.0,0.0,0.0,707.45,39.21666666666667,0.0833333333333333,74.21666666666667,19.4,204.0,10.0,8.0,0.0,196.0,10.0
325,326,4548,796,44,True,77,21,0.0,0.0,0.0,0.0,0.0,0.0,0.0,0.0,0.0,710.6833333333333,39.38333333333333,0.1,74.31666666666666,19.45,202.0,10.0,8.0,0.0,194.0,10.0
326,327,4548,796,44,True,78,21,0.0,0.0,0.0,0.0,0.0,0.0,0.0,0.0,0.0,713.8333333333334,39.55,0.1166666666666666,74.43333333333334,19.5,197.0,10.0,8.0,0.0,189.0,10.0
327,328,4548,796,44,True,79,21,0.0,0.0,0.0,0.0,0.0,0.0,0.0,0.0,0.0,716.85,39.71666666666667,0.1333333333333333,74.56666666666666,19.55,189.0,10.0,8.0,0.0,181.0,10.0
328,329,4545,795,44,False,79,21,-3.0,-1.0,0.0,0.0,0.0,0.0,3.0,1.0,0.0,719.85,39.86666666666667,0.1333333333333333,74.7,19.6,189.0,9.0,9.0,0.0,180.0,9.0
329,330,4545,795,44,False,79,21,0.0,0.0,0.0,0.0,0.0,0.0,0.0,0.0,0.0,722.7666666666667,40.016666666666666,0.1333333333333333,74.83333333333333,19.65,184.0,9.0,9.0,0.0,175.0,9.0
330,331,4545,795,44,True,80,21,0.0,0.0,0.0,0.0,0.0,0.0,0.0,0.0,0.0,725.55,40.16666666666666,0.15,74.98333333333333,19.7,176.0,9.0,9.0,0.0,167.0,9.0
331,332,4545,795,44,True,81,22,0.0,0.0,0.0,0.0,0.0,0.0,0.0,0.0,0.0,728.2666666666667,40.31666666666667,0.1666666666666666,75.15,19.766666666666666,172.0,9.0,9.0,0.0,163.0,9.0
332,333,4545,795,44,True,82,22,0.0,0.0,0.0,0.0,0.0,0.0,0.0,0.0,0.0,730.8666666666667,40.46666666666667,0.1833333333333333,75.33333333333333,19.83333333333333,165.0,9.0,9.0,0.0,156.0,9.0
333,334,4545,795,44,True,83,23,0.0,0.0,0.0,0.0,0.0,0.0,0.0,0.0,0.0,733.3333333333334,40.6,0.2,75.53333333333333,19.916666666666668,157.0,8.0,9.0,0.0,148.0,8.0
334,335,4545,795,44,True,84,23,0.0,0.0,0.0,0.0,0.0,0.0,0.0,0.0,0.0,735.7166666666667,40.73333333333333,0.2166666666666666,75.75,20.0,152.0,8.0,9.0,0.0,143.0,8.0
335,336,4545,795,44,True,85,23,0.0,0.0,0.0,0.0,0.0,0.0,0.0,0.0,0.0,738.0,40.86666666666667,0.2333333333333333,75.98333333333333,20.08333333333333,146.0,8.0,9.0,0.0,137.0,8.0
336,337,4545,795,44,True,86,23,0.0,0.0,0.0,0.0,0.0,0.0,0.0,0.0,0.0,740.15,41.0,0.25,76.23333333333333,20.166666666666668,138.0,8.0,9.0,0.0,129.0,8.0
337,338,4545,795,44,True,87,23,0.0,0.0,0.0,0.0,0.0,0.0,0.0,0.0,0.0,742.1833333333333,41.11666666666667,0.2666666666666666,76.5,20.25,131.0,7.0,9.0,0.0,122.0,7.0
338,339,4563,799,44,False,87,23,18.0,4.0,0.0,18.0,4.0,0.0,0.0,0.0,0.0,744.2333333333333,41.23333333333333,0.2666666666666666,76.76666666666667,20.33333333333333,132.0,7.0,9.0,0.0,123.0,7.0
339,340,4563,799,44,False,87,23,0.0,0.0,0.0,0.0,0.0,0.0,0.0,0.0,0.0,746.2,41.35,0.2666666666666666,77.03333333333333,20.416666666666668,127.0,7.0,9.0,0.0,118.0,7.0
340,341,4570,800,44,False,87,23,7.0,1.0,0.0,7.0,1.0,0.0,0.0,0.0,0.0,748.2,41.45,0.2666666666666666,77.3,20.48333333333333,128.0,6.0,8.0,0.0,120.0,6.0
341,342,4590,804,44,False,87,23,20.0,4.0,0.0,20.0,4.0,0.0,0.0,0.0,0.0,750.2666666666667,41.55,0.25,77.55,20.55,132.0,6.0,8.0,0.0,124.0,6.0
342,343,4635,812,44,False,87,23,45.0,8.0,0.0,45.0,8.0,0.0,0.0,0.0,0.0,752.4666666666667,41.65,0.2333333333333333,77.78333333333333,20.616666666666667,140.0,6.0,8.0,0.0,132.0,6.0
343,344,4655,816,45,False,87,23,20.0,4.0,1.0,20.0,4.0,1.0,0.0,0.0,0.0,754.7333333333333,41.766666666666666,0.2333333333333333,78.01666666666667,20.683333333333334,144.0,7.0,8.0,0.0,136.0,7.0
344,345,4671,817,45,False,87,23,16.0,1.0,0.0,16.0,1.0,0.0,0.0,0.0,0.0,757.0166666666667,41.88333333333333,0.2333333333333333,78.25,20.75,145.0,7.0,8.0,0.0,137.0,7.0
345,346,4672,819,45,False,87,23,1.0,2.0,0.0,1.0,2.0,0.0,0.0,0.0,0.0,759.3333333333334,42.0,0.2166666666666666,78.46666666666667,20.816666666666663,147.0,7.0,8.0,0.0,139.0,7.0
346,347,4706,822,45,False,87,23,34.0,3.0,0.0,34.0,3.0,0.0,0.0,0.0,0.0,761.6,42.11666666666667,0.2166666666666666,78.68333333333334,20.883333333333333,144.0,7.0,8.0,0.0,136.0,7.0
347,348,4736,825,45,False,87,23,30.0,3.0,0.0,30.0,3.0,0.0,0.0,0.0,0.0,763.8666666666667,42.23333333333333,0.2166666666666666,78.9,20.95,144.0,7.0,8.0,0.0,136.0,7.0
348,349,4759,830,45,False,87,23,23.0,5.0,0.0,23.0,5.0,0.0,0.0,0.0,0.0,766.2166666666667,42.35,0.2166666666666666,79.11666666666666,21.016666666666666,149.0,7.0,8.0,0.0,141.0,7.0
349,350,4776,836,45,False,87,23,17.0,6.0,0.0,17.0,6.0,0.0,0.0,0.0,0.0,768.6666666666666,42.46666666666667,0.2,79.31666666666666,21.08333333333333,155.0,7.0,8.0,0.0,147.0,7.0
350,351,4812,841,46,False,87,24,36.0,5.0,1.0,36.0,5.0,1.0,0.0,0.0,0.0,771.15,42.6,0.2,79.51666666666667,21.166666666666668,157.0,8.0,8.0,0.0,149.0,8.0
351,352,4841,849,46,False,87,24,29.0,8.0,0.0,29.0,8.0,0.0,0.0,0.0,0.0,773.6666666666666,42.73333333333333,0.2,79.71666666666667,21.25,159.0,8.0,8.0,0.0,151.0,8.0
352,353,4872,853,46,False,87,24,31.0,4.0,0.0,31.0,4.0,0.0,0.0,0.0,0.0,776.1333333333333,42.86666666666667,0.2,79.91666666666667,21.33333333333333,156.0,8.0,8.0,0.0,148.0,8.0
353,354,4887,856,46,False,87,24,15.0,3.0,0.0,15.0,3.0,0.0,0.0,0.0,0.0,778.65,42.98333333333333,0.2,80.11666666666666,21.416666666666668,159.0,7.0,8.0,0.0,151.0,7.0
354,355,4905,859,46,False,87,24,18.0,3.0,0.0,18.0,3.0,0.0,0.0,0.0,0.0,781.2166666666667,43.1,0.2,80.31666666666666,21.5,162.0,7.0,8.0,0.0,154.0,7.0
355,356,4936,863,47,False,87,24,31.0,4.0,1.0,31.0,4.0,1.0,0.0,0.0,0.0,783.85,43.23333333333333,0.1833333333333333,80.5,21.58333333333333,166.0,8.0,8.0,0.0,158.0,8.0
356,357,4954,868,47,False,87,24,18.0,5.0,0.0,18.0,5.0,0.0,0.0,0.0,0.0,786.55,43.36666666666667,0.1833333333333333,80.68333333333334,21.666666666666668,170.0,8.0,8.0,0.0,162.0,8.0
357,358,4998,875,47,False,87,24,44.0,7.0,0.0,44.0,7.0,0.0,0.0,0.0,0.0,789.3333333333334,43.5,0.1833333333333333,80.86666666666666,21.73333333333333,175.0,8.0,8.0,0.0,167.0,8.0
358,359,5002,877,48,False,87,24,4.0,2.0,1.0,4.0,2.0,1.0,0.0,0.0,0.0,792.1666666666666,43.65,0.1833333333333333,81.05,21.8,177.0,9.0,7.0,0.0,170.0,9.0
359,360,5002,877,48,False,87,24,0.0,0.0,0.0,0.0,0.0,0.0,0.0,0.0,0.0,794.9,43.8,0.1833333333333333,81.23333333333333,21.866666666666667,171.0,9.0,7.0,0.0,164.0,9.0
360,361,5002,877,48,True,88,24,0.0,0.0,0.0,0.0,0.0,0.0,0.0,0.0,0.0,797.55,43.93333333333333,0.2,81.43333333333334,21.933333333333334,166.0,8.0,7.0,0.0,159.0,8.0
361,362,5025,881,48,False,88,24,23.0,4.0,0.0,23.0,4.0,0.0,0.0,0.0,0.0,800.2,44.06666666666667,0.2,81.63333333333334,22.0,166.0,8.0,7.0,0.0,159.0,8.0
362,363,5037,884,48,False,88,24,12.0,3.0,0.0,12.0,3.0,0.0,0.0,0.0,0.0,802.8333333333334,44.2,0.2,81.83333333333333,22.066666666666663,165.0,8.0,7.0,0.0,158.0,8.0
363,364,5042,885,49,False,88,24,5.0,1.0,1.0,5.0,1.0,1.0,0.0,0.0,0.0,805.3833333333333,44.333333333333336,0.2,82.03333333333333,22.133333333333333,160.0,8.0,7.0,0.0,153.0,8.0
364,365,5042,885,49,False,88,24,0.0,0.0,0.0,0.0,0.0,0.0,0.0,0.0,0.0,807.8,44.46666666666667,0.2,82.23333333333333,22.2,152.0,8.0,7.0,0.0,145.0,8.0
365,366,5062,888,49,False,88,24,20.0,3.0,0.0,20.0,3.0,0.0,0.0,0.0,0.0,810.25,44.6,0.2,82.43333333333334,22.266666666666666,154.0,8.0,7.0,0.0,147.0,8.0
366,367,5090,895,49,False,88,24,28.0,7.0,0.0,28.0,7.0,0.0,0.0,0.0,0.0,812.9,44.71666666666667,0.2,82.63333333333334,22.33333333333333,161.0,7.0,2.0,0.0,159.0,7.0
367,368,5111,900,49,False,88,25,21.0,5.0,0.0,21.0,5.0,0.0,0.0,0.0,0.0,815.6,44.833333333333336,0.2,82.83333333333333,22.416666666666668,164.0,7.0,2.0,0.0,162.0,7.0
368,369,5127,904,49,False,88,25,16.0,4.0,0.0,16.0,4.0,0.0,0.0,0.0,0.0,818.2666666666667,44.95,0.2,83.03333333333333,22.5,162.0,7.0,2.0,0.0,160.0,7.0
369,370,5152,908,49,False,88,25,25.0,4.0,0.0,25.0,4.0,0.0,0.0,0.0,0.0,821.0166666666667,45.06666666666667,0.2,83.23333333333333,22.58333333333333,166.0,7.0,1.0,0.0,165.0,7.0
370,371,5178,913,50,False,88,25,26.0,5.0,1.0,26.0,5.0,1.0,0.0,0.0,0.0,823.8166666666667,45.2,0.2,83.43333333333334,22.666666666666668,169.0,8.0,1.0,0.0,168.0,8.0
371,372,5206,920,50,False,88,25,28.0,7.0,0.0,28.0,7.0,0.0,0.0,0.0,0.0,826.65,45.333333333333336,0.2,83.63333333333334,22.75,171.0,8.0,1.0,0.0,170.0,8.0
372,373,5241,927,50,False,88,25,35.0,7.0,0.0,35.0,7.0,0.0,0.0,0.0,0.0,829.55,45.46666666666667,0.2,83.83333333333333,22.83333333333333,175.0,8.0,1.0,0.0,174.0,8.0
373,374,5245,928,50,False,88,25,4.0,1.0,0.0,4.0,1.0,0.0,0.0,0.0,0.0,832.3833333333333,45.6,0.2,84.03333333333333,22.916666666666668,171.0,8.0,1.0,0.0,170.0,8.0
374,375,5268,931,50,False,88,25,23.0,3.0,0.0,23.0,3.0,0.0,0.0,0.0,0.0,835.1666666666666,45.71666666666667,0.2,84.23333333333333,22.98333333333333,168.0,7.0,1.0,0.0,167.0,7.0
375,376,5298,935,51,False,88,25,30.0,4.0,1.0,30.0,4.0,1.0,0.0,0.0,0.0,837.9333333333333,45.85,0.2,84.43333333333334,23.05,167.0,8.0,1.0,0.0,166.0,8.0
376,377,5325,941,51,False,88,25,27.0,6.0,0.0,27.0,6.0,0.0,0.0,0.0,0.0,840.7333333333333,45.98333333333333,0.2,84.63333333333334,23.116666666666667,169.0,8.0,1.0,0.0,168.0,8.0
377,378,5362,947,52,False,88,25,37.0,6.0,1.0,37.0,6.0,1.0,0.0,0.0,0.0,843.5166666666667,46.13333333333333,0.2,84.83333333333333,23.183333333333334,168.0,9.0,1.0,0.0,167.0,9.0
378,379,5389,952,52,False,88,25,27.0,5.0,0.0,27.0,5.0,0.0,0.0,0.0,0.0,846.3666666666667,46.28333333333333,0.2,85.03333333333333,23.25,172.0,9.0,1.0,0.0,171.0,9.0
379,380,5407,953,52,False,88,25,18.0,1.0,0.0,18.0,1.0,0.0,0.0,0.0,0.0,849.1333333333333,46.43333333333333,0.2,85.23333333333333,23.316666666666663,167.0,9.0,1.0,0.0,166.0,9.0
380,381,5441,959,52,False,88,25,34.0,6.0,0.0,34.0,6.0,0.0,0.0,0.0,0.0,852.0,46.583333333333336,0.2,85.43333333333334,23.383333333333333,173.0,9.0,1.0,0.0,172.0,9.0
381,382,5461,964,52,False,88,25,20.0,5.0,0.0,20.0,5.0,0.0,0.0,0.0,0.0,854.95,46.73333333333333,0.2,85.63333333333334,23.45,178.0,9.0,1.0,0.0,177.0,9.0
382,383,5477,968,52,False,88,25,16.0,4.0,0.0,16.0,4.0,0.0,0.0,0.0,0.0,857.8666666666667,46.88333333333333,0.2,85.83333333333333,23.516666666666666,176.0,9.0,1.0,0.0,175.0,9.0
383,384,5501,973,52,False,88,25,24.0,5.0,0.0,24.0,5.0,0.0,0.0,0.0,0.0,860.8166666666667,47.016666666666666,0.2,86.03333333333333,23.58333333333333,178.0,8.0,1.0,0.0,177.0,8.0
384,385,5497,974,52,False,88,25,-4.0,1.0,0.0,0.0,1.0,0.0,4.0,0.0,0.0,863.7833333333333,47.15,0.2,86.23333333333333,23.65,179.0,8.0,1.0,0.0,178.0,8.0
385,386,5497,974,52,False,88,25,0.0,0.0,0.0,0.0,0.0,0.0,0.0,0.0,0.0,866.75,47.28333333333333,0.1833333333333333,86.41666666666667,23.716666666666665,179.0,8.0,1.0,0.0,178.0,8.0
386,387,5497,974,52,True,89,25,0.0,0.0,0.0,0.0,0.0,0.0,0.0,0.0,0.0,869.7166666666667,47.41666666666666,0.1833333333333333,86.6,23.78333333333333,179.0,8.0,1.0,0.0,178.0,8.0
387,388,5497,974,52,True,90,25,0.0,0.0,0.0,0.0,0.0,0.0,0.0,0.0,0.0,872.6833333333333,47.55,0.1833333333333333,86.78333333333333,23.85,179.0,8.0,1.0,0.0,178.0,8.0
388,389,5498,974,52,False,90,25,1.0,0.0,0.0,1.0,0.0,0.0,0.0,0.0,0.0,875.6666666666666,47.68333333333333,0.1833333333333333,86.96666666666667,23.916666666666668,179.0,8.0,0.0,0.0,179.0,8.0
389,390,5498,974,52,False,90,25,0.0,0.0,0.0,0.0,0.0,0.0,0.0,0.0,0.0,878.65,47.81666666666667,0.1833333333333333,87.15,23.98333333333333,179.0,8.0,0.0,0.0,179.0,8.0
390,391,5511,977,52,False,90,25,13.0,3.0,0.0,13.0,3.0,0.0,0.0,0.0,0.0,881.6833333333333,47.95,0.1666666666666666,87.31666666666666,24.05,182.0,8.0,0.0,0.0,182.0,8.0
391,392,5543,984,52,False,90,25,32.0,7.0,0.0,32.0,7.0,0.0,0.0,0.0,0.0,884.8333333333334,48.083333333333336,0.15,87.46666666666667,24.1,189.0,8.0,0.0,0.0,189.0,8.0
392,393,5558,988,52,False,90,25,15.0,4.0,0.0,15.0,4.0,0.0,0.0,0.0,0.0,888.05,48.21666666666667,0.1333333333333333,87.6,24.15,193.0,8.0,0.0,0.0,193.0,8.0
393,394,5574,987,53,False,90,25,16.0,-1.0,1.0,16.0,0.0,1.0,0.0,1.0,0.0,891.25,48.36666666666667,0.1166666666666666,87.71666666666667,24.183333333333334,193.0,9.0,1.0,0.0,192.0,9.0
394,395,5574,987,53,False,90,25,0.0,0.0,0.0,0.0,0.0,0.0,0.0,0.0,0.0,894.45,48.516666666666666,0.1,87.81666666666666,24.216666666666665,193.0,9.0,1.0,0.0,192.0,9.0
395,396,5575,986,53,False,90,25,1.0,-1.0,0.0,1.0,0.0,0.0,0.0,1.0,0.0,897.6333333333333,48.66666666666666,0.0833333333333333,87.9,24.25,193.0,9.0,2.0,0.0,191.0,9.0
396,397,5585,988,53,False,90,25,10.0,2.0,0.0,10.0,2.0,0.0,0.0,0.0,0.0,900.85,48.81666666666667,0.0666666666666666,87.96666666666667,24.28333333333333,195.0,9.0,2.0,0.0,193.0,9.0
397,398,5591,989,53,False,90,26,6.0,1.0,0.0,6.0,1.0,0.0,0.0,0.0,0.0,904.0833333333334,48.96666666666667,0.05,88.01666666666667,24.33333333333333,196.0,9.0,2.0,0.0,194.0,9.0
398,399,5591,989,53,False,90,26,0.0,0.0,0.0,0.0,0.0,0.0,0.0,0.0,0.0,907.25,49.11666666666667,0.05,88.06666666666666,24.383333333333333,192.0,9.0,2.0,0.0,190.0,9.0
399,400,5591,989,53,True,91,27,0.0,0.0,0.0,0.0,0.0,0.0,0.0,0.0,0.0,910.4166666666666,49.266666666666666,0.0666666666666666,88.13333333333334,24.45,192.0,9.0,2.0,0.0,190.0,9.0
400,401,5591,989,53,True,92,27,0.0,0.0,0.0,0.0,0.0,0.0,0.0,0.0,0.0,913.5666666666668,49.41666666666666,0.0833333333333333,88.21666666666667,24.516666666666666,191.0,9.0,2.0,0.0,189.0,9.0
401,402,5591,989,53,True,93,27,0.0,0.0,0.0,0.0,0.0,0.0,0.0,0.0,0.0,916.65,49.56666666666667,0.1,88.31666666666666,24.58333333333333,187.0,9.0,2.0,0.0,185.0,9.0
402,403,5612,993,53,False,93,27,21.0,4.0,0.0,21.0,4.0,0.0,0.0,0.0,0.0,919.6666666666666,49.71666666666667,0.1,88.41666666666667,24.65,183.0,9.0,2.0,0.0,181.0,9.0
403,404,5616,995,53,False,93,27,4.0,2.0,0.0,4.0,2.0,0.0,0.0,0.0,0.0,922.65,49.85,0.1,88.51666666666667,24.716666666666665,181.0,8.0,2.0,0.0,179.0,8.0
404,405,5616,995,53,False,93,27,0.0,0.0,0.0,0.0,0.0,0.0,0.0,0.0,0.0,925.6166666666668,49.98333333333333,0.1,88.61666666666666,24.78333333333333,180.0,8.0,2.0,0.0,178.0,8.0
405,406,5649,1000,53,False,93,27,33.0,5.0,0.0,33.0,5.0,0.0,0.0,0.0,0.0,928.6333333333332,50.11666666666667,0.1,88.71666666666667,24.85,183.0,8.0,2.0,0.0,181.0,8.0
406,407,5674,1004,54,False,93,27,25.0,4.0,1.0,25.0,4.0,1.0,0.0,0.0,0.0,931.6666666666666,50.266666666666666,0.1,88.81666666666666,24.916666666666668,184.0,9.0,2.0,0.0,182.0,9.0
407,408,5674,1004,54,False,93,27,0.0,0.0,0.0,0.0,0.0,0.0,0.0,0.0,0.0,934.65,50.41666666666666,0.1,88.91666666666667,24.98333333333333,181.0,9.0,2.0,0.0,179.0,9.0
408,409,5696,1006,54,False,93,27,22.0,2.0,0.0,22.0,2.0,0.0,0.0,0.0,0.0,937.5833333333334,50.56666666666667,0.1,89.01666666666667,25.05,178.0,9.0,2.0,0.0,176.0,9.0
409,410,5707,1009,54,False,93,27,11.0,3.0,0.0,11.0,3.0,0.0,0.0,0.0,0.0,940.4666666666668,50.71666666666667,0.1,89.11666666666666,25.116666666666667,175.0,9.0,2.0,0.0,173.0,9.0
410,411,5723,1012,54,False,93,27,16.0,3.0,0.0,16.0,3.0,0.0,0.0,0.0,0.0,943.3166666666668,50.85,0.1,89.21666666666667,25.166666666666668,173.0,8.0,2.0,0.0,171.0,8.0
411,412,5736,1014,54,False,93,27,13.0,2.0,0.0,13.0,2.0,0.0,0.0,0.0,0.0,946.0666666666668,50.98333333333333,0.1,89.31666666666666,25.216666666666665,167.0,8.0,2.0,0.0,165.0,8.0
412,413,5756,1016,54,False,93,27,20.0,2.0,0.0,20.0,2.0,0.0,0.0,0.0,0.0,948.7833333333332,51.11666666666667,0.1,89.41666666666667,25.266666666666666,165.0,8.0,2.0,0.0,163.0,8.0
413,414,5771,1016,54,False,93,27,15.0,0.0,0.0,15.0,0.0,0.0,0.0,0.0,0.0,951.45,51.25,0.1,89.51666666666667,25.316666666666663,162.0,8.0,2.0,0.0,160.0,8.0
414,415,5803,1025,55,False,93,27,32.0,9.0,1.0,32.0,9.0,1.0,0.0,0.0,0.0,954.2166666666668,51.4,0.1,89.61666666666666,25.366666666666667,168.0,9.0,2.0,0.0,166.0,9.0
415,416,5803,1025,55,False,93,27,0.0,0.0,0.0,0.0,0.0,0.0,0.0,0.0,0.0,956.9166666666666,51.53333333333333,0.1,89.71666666666667,25.416666666666668,164.0,8.0,2.0,0.0,162.0,8.0
416,417,5803,1025,55,True,94,28,0.0,0.0,0.0,0.0,0.0,0.0,0.0,0.0,0.0,959.5333333333332,51.66666666666666,0.1166666666666666,89.83333333333333,25.48333333333333,159.0,8.0,2.0,0.0,157.0,8.0
417,418,5803,1025,55,True,95,28,0.0,0.0,0.0,0.0,0.0,0.0,0.0,0.0,0.0,962.0333333333332,51.8,0.1333333333333333,89.96666666666667,25.55,152.0,8.0,2.0,0.0,150.0,8.0
418,419,5803,1025,55,True,96,28,0.0,0.0,0.0,0.0,0.0,0.0,0.0,0.0,0.0,964.5,51.91666666666666,0.15,90.11666666666666,25.616666666666667,150.0,7.0,2.0,0.0,148.0,7.0
419,420,5803,1025,55,True,97,28,0.0,0.0,0.0,0.0,0.0,0.0,0.0,0.0,0.0,966.9666666666668,52.03333333333333,0.1666666666666666,90.28333333333332,25.683333333333334,150.0,7.0,2.0,0.0,148.0,7.0
420,421,5803,1025,55,True,98,28,0.0,0.0,0.0,0.0,0.0,0.0,0.0,0.0,0.0,969.4333333333332,52.15,0.1666666666666666,90.45,25.75,150.0,7.0,2.0,0.0,148.0,7.0
421,422,5803,1025,55,True,99,28,0.0,0.0,0.0,0.0,0.0,0.0,0.0,0.0,0.0,971.8333333333334,52.266666666666666,0.1833333333333333,90.63333333333334,25.816666666666663,146.0,7.0,2.0,0.0,144.0,7.0
422,423,5803,1025,55,True,100,28,0.0,0.0,0.0,0.0,0.0,0.0,0.0,0.0,0.0,974.1833333333332,52.38333333333333,0.2,90.83333333333331,25.883333333333333,143.0,7.0,2.0,0.0,141.0,7.0
423,424,5803,1025,55,True,101,28,0.0,0.0,0.0,0.0,0.0,0.0,0.0,0.0,0.0,976.5166666666668,52.48333333333333,0.2166666666666666,91.05,25.95,142.0,6.0,2.0,0.0,140.0,6.0
424,425,5803,1025,55,True,102,28,0.0,0.0,0.0,0.0,0.0,0.0,0.0,0.0,0.0,978.85,52.583333333333336,0.2333333333333333,91.28333333333332,26.016666666666666,142.0,6.0,2.0,0.0,140.0,6.0
425,426,5803,1025,55,True,103,28,0.0,0.0,0.0,0.0,0.0,0.0,0.0,0.0,0.0,981.1333333333332,52.68333333333333,0.25,91.53333333333332,26.08333333333333,139.0,6.0,2.0,0.0,137.0,6.0
426,427,5803,1025,55,True,104,28,0.0,0.0,0.0,0.0,0.0,0.0,0.0,0.0,0.0,983.3,52.78333333333333,0.2666666666666666,91.8,26.15,132.0,6.0,2.0,0.0,130.0,6.0
427,428,5803,1025,55,True,105,28,0.0,0.0,0.0,0.0,0.0,0.0,0.0,0.0,0.0,985.3833333333332,52.88333333333333,0.2833333333333333,92.08333333333331,26.2,127.0,6.0,2.0,0.0,125.0,6.0
428,429,5803,1025,55,True,106,28,0.0,0.0,0.0,0.0,0.0,0.0,0.0,0.0,0.0,987.4,52.98333333333333,0.3,92.38333333333334,26.25,123.0,6.0,2.0,0.0,121.0,6.0
429,430,5803,1025,55,True,107,29,0.0,0.0,0.0,0.0,0.0,0.0,0.0,0.0,0.0,989.35,53.083333333333336,0.3166666666666666,92.7,26.316666666666663,119.0,6.0,2.0,0.0,117.0,6.0
430,431,5803,1025,55,True,108,29,0.0,0.0,0.0,0.0,0.0,0.0,0.0,0.0,0.0,991.2166666666668,53.16666666666666,0.3333333333333333,93.03333333333332,26.383333333333333,114.0,5.0,2.0,0.0,112.0,5.0
431,432,5803,1025,55,True,109,29,0.0,0.0,0.0,0.0,0.0,0.0,0.0,0.0,0.0,992.9666666666668,53.25,0.35,93.38333333333334,26.45,107.0,5.0,2.0,0.0,105.0,5.0
432,433,5803,1025,55,True,110,29,0.0,0.0,0.0,0.0,0.0,0.0,0.0,0.0,0.0,994.6,53.333333333333336,0.3666666666666666,93.75,26.516666666666666,100.0,5.0,2.0,0.0,98.0,5.0
433,434,5803,1025,55,True,111,29,0.0,0.0,0.0,0.0,0.0,0.0,0.0,0.0,0.0,996.2166666666668,53.41666666666666,0.3833333333333333,94.13333333333334,26.58333333333333,99.0,5.0,2.0,0.0,97.0,5.0
434,435,5803,1025,55,True,112,29,0.0,0.0,0.0,0.0,0.0,0.0,0.0,0.0,0.0,997.7833333333332,53.5,0.4,94.53333333333332,26.65,96.0,5.0,2.0,0.0,94.0,5.0
435,436,5803,1025,55,True,113,29,0.0,0.0,0.0,0.0,0.0,0.0,0.0,0.0,0.0,999.2833333333332,53.56666666666667,0.4166666666666667,94.95,26.716666666666665,92.0,4.0,2.0,0.0,90.0,4.0
436,437,5803,1025,55,True,114,29,0.0,0.0,0.0,0.0,0.0,0.0,0.0,0.0,0.0,1000.6833333333332,53.63333333333333,0.4333333333333333,95.38333333333334,26.78333333333333,86.0,4.0,2.0,0.0,84.0,4.0
437,438,5803,1025,55,True,115,29,0.0,0.0,0.0,0.0,0.0,0.0,0.0,0.0,0.0,1001.9833333333332,53.68333333333333,0.45,95.83333333333331,26.85,80.0,3.0,2.0,0.0,78.0,3.0
438,439,5803,1025,55,True,116,29,0.0,0.0,0.0,0.0,0.0,0.0,0.0,0.0,0.0,1003.2,53.73333333333333,0.4666666666666667,96.3,26.916666666666668,75.0,3.0,2.0,0.0,73.0,3.0
439,440,5794,1021,55,False,116,29,-9.0,-4.0,0.0,0.0,0.0,0.0,9.0,4.0,0.0,1004.3333333333334,53.78333333333333,0.4666666666666667,96.76666666666668,26.98333333333333,74.0,3.0,6.0,0.0,68.0,3.0
440,441,5799,1022,55,False,116,29,5.0,1.0,0.0,5.0,1.0,0.0,0.0,0.0,0.0,1005.3833333333332,53.833333333333336,0.4666666666666667,97.23333333333332,27.05,69.0,3.0,6.0,0.0,63.0,3.0
441,442,5806,1025,55,False,116,29,7.0,3.0,0.0,7.0,3.0,0.0,0.0,0.0,0.0,1006.4,53.88333333333333,0.4666666666666667,97.7,27.116666666666667,67.0,3.0,6.0,0.0,61.0,3.0
442,443,5806,1025,55,False,116,29,0.0,0.0,0.0,0.0,0.0,0.0,0.0,0.0,0.0,1007.35,53.93333333333333,0.4666666666666667,98.16666666666669,27.183333333333334,63.0,3.0,6.0,0.0,57.0,3.0
443,444,5835,1030,55,False,116,29,29.0,5.0,0.0,29.0,5.0,0.0,0.0,0.0,0.0,1008.3,53.98333333333333,0.4666666666666667,98.63333333333334,27.25,63.0,3.0,6.0,0.0,57.0,3.0
444,445,5835,1030,55,False,116,29,0.0,0.0,0.0,0.0,0.0,0.0,0.0,0.0,0.0,1009.2333333333332,54.03333333333333,0.4666666666666667,99.1,27.316666666666663,62.0,3.0,6.0,0.0,56.0,3.0
445,446,5835,1030,55,True,117,29,0.0,0.0,0.0,0.0,0.0,0.0,0.0,0.0,0.0,1010.1666666666666,54.083333333333336,0.4833333333333333,99.58333333333331,27.383333333333333,62.0,3.0,6.0,0.0,56.0,3.0
446,447,5834,1030,55,False,117,30,-1.0,0.0,0.0,0.0,0.0,0.0,1.0,0.0,0.0,1011.1,54.13333333333333,0.4666666666666667,100.05,27.466666666666665,62.0,3.0,6.0,0.0,56.0,3.0
447,448,5834,1030,55,False,117,30,0.0,0.0,0.0,0.0,0.0,0.0,0.0,0.0,0.0,1012.0333333333332,54.18333333333333,0.45,100.5,27.55,62.0,3.0,6.0,0.0,56.0,3.0
448,449,5834,1030,55,True,118,30,0.0,0.0,0.0,0.0,0.0,0.0,0.0,0.0,0.0,1012.9666666666668,54.23333333333333,0.4666666666666667,100.96666666666668,27.633333333333333,62.0,3.0,6.0,0.0,56.0,3.0
449,450,5834,1030,55,True,119,30,0.0,0.0,0.0,0.0,0.0,0.0,0.0,0.0,0.0,1013.9,54.28333333333333,0.4833333333333333,101.45,27.716666666666665,62.0,3.0,6.0,0.0,56.0,3.0
450,451,5834,1030,55,True,120,30,0.0,0.0,0.0,0.0,0.0,0.0,0.0,0.0,0.0,1014.7833333333332,54.333333333333336,0.5,101.95,27.8,59.0,3.0,6.0,0.0,53.0,3.0
451,452,5834,1030,55,True,121,30,0.0,0.0,0.0,0.0,0.0,0.0,0.0,0.0,0.0,1015.55,54.38333333333333,0.5166666666666667,102.46666666666668,27.883333333333333,52.0,3.0,6.0,0.0,46.0,3.0
452,453,5834,1030,55,True,122,30,0.0,0.0,0.0,0.0,0.0,0.0,0.0,0.0,0.0,1016.25,54.43333333333333,0.5333333333333333,103.0,27.966666666666665,48.0,3.0,6.0,0.0,42.0,3.0
453,454,5834,1030,55,True,123,30,0.0,0.0,0.0,0.0,0.0,0.0,0.0,0.0,0.0,1016.9666666666668,54.46666666666667,0.55,103.55,28.05,48.0,2.0,5.0,0.0,43.0,2.0
454,455,5834,1030,55,True,124,30,0.0,0.0,0.0,0.0,0.0,0.0,0.0,0.0,0.0,1017.6833333333332,54.5,0.5666666666666667,104.11666666666666,28.133333333333333,48.0,2.0,5.0,0.0,43.0,2.0
455,456,5834,1030,55,True,125,30,0.0,0.0,0.0,0.0,0.0,0.0,0.0,0.0,0.0,1018.4166666666666,54.53333333333333,0.5833333333333334,104.7,28.216666666666665,48.0,2.0,4.0,0.0,44.0,2.0
456,457,5834,1030,55,True,126,30,0.0,0.0,0.0,0.0,0.0,0.0,0.0,0.0,0.0,1019.1166666666668,54.56666666666667,0.6,105.3,28.3,46.0,2.0,4.0,0.0,42.0,2.0
